split,scenario,seed,policy,cost_per_day,demand_units,immediate_units,shortage_units,backlog_unit_days,mean_on_hand,fill_rate
validation,normal,1001,independent,435.75594444444437,12743,12715,28,30,554.3055555555555,0.9978027152161971
validation,normal,1001,normal_optimized,317.39844444444446,12743,12168,575,646,246.4611111111111,0.9548771874754768
validation,normal,1001,service_aware,621.8503888888889,12743,12723,20,22,711.2611111111112,0.9984305108687123
validation,normal,1002,independent,435.09816666666666,12743,12721,22,22,550.0722222222223,0.9982735619555835
validation,normal,1002,normal_optimized,315.88227777777774,12743,12207,536,628,242.57222222222222,0.9579376912814879
validation,normal,1002,service_aware,621.2604444444447,12743,12734,9,9,706.9944444444444,0.9992937298909205
validation,normal,1003,independent,433.8711944444444,12743,12717,26,28,549.3055555555555,0.9979596641293259
validation,normal,1003,normal_optimized,323.5886944444445,12743,12131,612,719,242.18333333333334,0.9519736325825944
validation,normal,1003,service_aware,620.221638888889,12743,12726,17,19,706.2666666666667,0.9986659342384054
validation,normal,1004,independent,433.3175000000002,12743,12720,23,23,549.3333333333334,0.9981950874990191
validation,normal,1004,normal_optimized,322.6600277777778,12743,12153,590,710,241.89999999999998,0.9537000706270109
validation,normal,1004,service_aware,620.1403333333333,12743,12727,16,16,706.3222222222222,0.9987444086949698
validation,normal,1005,independent,435.77191666666675,12743,12721,22,22,554.4666666666667,0.9982735619555835
validation,normal,1005,normal_optimized,312.7065833333333,12743,12205,538,589,246.7888888888889,0.9577807423683591
validation,normal,1005,service_aware,622.634972222222,12743,12725,18,18,711.45,0.998587459781841
validation,normal,1006,independent,436.13086111111124,12743,12726,17,19,555.6166666666667,0.9986659342384054
validation,normal,1006,normal_optimized,318.03436111111114,12743,12195,548,638,248.1,0.9569959978027153
validation,normal,1006,service_aware,623.2185277777777,12743,12731,12,14,712.5888888888888,0.9990583065212273
validation,normal,1007,independent,435.4216388888888,12743,12715,28,34,551.55,0.9978027152161971
validation,normal,1007,normal_optimized,326.5665833333333,12743,12091,652,744,244.38888888888889,0.9488346543200188
validation,normal,1007,service_aware,622.0849722222224,12743,12720,23,29,708.5222222222222,0.9981950874990191
validation,normal,1008,independent,438.0108055555556,12743,12699,44,48,554.8944444444445,0.996547123911167
validation,normal,1008,normal_optimized,330.79969444444447,12743,12083,660,760,247.23333333333335,0.9482068586675038
validation,normal,1008,service_aware,621.5477777777777,12743,12728,15,19,711.7277777777778,0.9988228831515342
validation,normal,1009,independent,439.01388888888886,12743,12702,41,41,555.2777777777778,0.9967825472808601
validation,normal,1009,normal_optimized,328.3026111111111,12743,12103,640,713,248.35,0.9497763477987915
validation,normal,1009,service_aware,623.693,12743,12721,22,22,712.1611111111112,0.9982735619555835
validation,normal,1010,independent,435.1622499999999,12743,12699,44,49,551.5666666666666,0.996547123911167
validation,normal,1010,normal_optimized,324.30627777777784,12743,12106,637,738,244.24444444444444,0.9500117711684847
validation,normal,1010,service_aware,619.5628055555555,12743,12720,23,28,708.4499999999999,0.9981950874990191
validation,normal,1011,independent,435.3001944444445,12743,12711,32,35,554.8555555555556,0.9974888173899396
validation,normal,1011,normal_optimized,322.08122222222215,12743,12138,605,680,246.8222222222222,0.9525229537785451
validation,normal,1011,service_aware,620.8168611111112,12743,12723,20,23,711.8,0.9984305108687123
validation,normal,1012,independent,433.57277777777784,12743,12726,17,17,551.7333333333333,0.9986659342384054
validation,normal,1012,normal_optimized,337.1911944444445,12743,12081,662,805,245.05555555555557,0.948049909754375
validation,normal,1012,service_aware,619.4677777777777,12743,12739,4,4,708.661111111111,0.9996861021737424
validation,demand_spike,1001,independent,486.05441666666667,14909,14197,712,875,490.56666666666666,0.952243611241532
validation,demand_spike,1001,normal_optimized,795.4426111111111,14909,11822,3087,5223,203.77777777777777,0.7929438594137769
validation,demand_spike,1001,service_aware,593.4986666666666,14909,14694,215,260,644.0055555555556,0.9855791803608559
validation,demand_spike,1002,independent,461.2509166666666,14909,14364,545,673,488.75,0.9634448990542626
validation,demand_spike,1002,normal_optimized,712.1771666666666,14909,12040,2869,4737,197.98333333333335,0.8075658997920719
validation,demand_spike,1002,service_aware,590.6576944444446,14909,14730,179,197,643.0222222222222,0.987993829230666
validation,demand_spike,1003,independent,479.75655555555556,14909,14204,705,889,486.19444444444446,0.9527131262995506
validation,demand_spike,1003,normal_optimized,754.65475,14909,11775,3134,5033,199.10555555555555,0.7897914011670802
validation,demand_spike,1003,service_aware,583.9323333333334,14909,14742,167,196,639.4222222222222,0.9887987121872694
validation,demand_spike,1004,independent,471.89552777777794,14909,14265,644,801,487.76666666666665,0.9568046146622845
validation,demand_spike,1004,normal_optimized,742.2775555555555,14909,11979,2930,4945,199.0388888888889,0.803474411429338
validation,demand_spike,1004,service_aware,581.8106111111111,14909,14786,123,148,641.3,0.9917499496948152
validation,demand_spike,1005,independent,471.5038888888891,14909,14268,641,743,494.3666666666667,0.9570058354014354
validation,demand_spike,1005,normal_optimized,671.4914166666666,14909,12203,2706,4298,204.1222222222222,0.8184988932859347
validation,demand_spike,1005,service_aware,590.620888888889,14909,14725,184,193,648.3888888888889,0.9876584613320812
validation,demand_spike,1006,independent,458.5426111111111,14909,14362,547,668,494.6666666666667,0.9633107518948286
validation,demand_spike,1006,normal_optimized,694.5303611111111,14909,12122,2787,4464,204.4777777777778,0.8130659333288618
validation,demand_spike,1006,service_aware,588.469111111111,14909,14766,143,168,648.9388888888889,0.9904084781004763
validation,demand_spike,1007,independent,482.5370833333334,14909,14233,676,863,489.7055555555556,0.9546582601113421
validation,demand_spike,1007,normal_optimized,754.8656111111112,14909,11937,2972,5124,202.00555555555556,0.8006573210812261
validation,demand_spike,1007,service_aware,594.0768888888888,14909,14701,208,265,643.2444444444445,0.9860486954188745
validation,demand_spike,1008,independent,472.94647222222227,14909,14269,640,778,493.2055555555556,0.9570729089811523
validation,demand_spike,1008,normal_optimized,686.3999444444445,14909,12190,2719,4485,202.9388888888889,0.8176269367496143
validation,demand_spike,1008,service_aware,589.8719444444444,14909,14744,165,207,646.8611111111111,0.9889328593467034
validation,demand_spike,1009,independent,461.66111111111104,14909,14357,552,670,492.6055555555555,0.9629753839962438
validation,demand_spike,1009,normal_optimized,751.3291944444444,14909,11906,3003,5085,205.70000000000002,0.7985780401100007
validation,demand_spike,1009,service_aware,585.8206944444445,14909,14775,134,154,646.6666666666667,0.9910121403179287
validation,demand_spike,1010,independent,489.38911111111105,14909,14190,719,980,489.6666666666667,0.9517740961835133
validation,demand_spike,1010,normal_optimized,803.5113333333334,14909,11766,3143,5568,201.14444444444445,0.7891877389496278
validation,demand_spike,1010,service_aware,592.9837222222222,14909,14694,215,272,642.6444444444444,0.9855791803608559
validation,demand_spike,1011,independent,469.45702777777797,14909,14272,637,745,492.0111111111112,0.9572741297203031
validation,demand_spike,1011,normal_optimized,763.2467777777778,14909,11915,2994,5030,203.91666666666666,0.7991817023274532
validation,demand_spike,1011,service_aware,582.2075555555558,14909,14767,142,161,645.65,0.9904755516801932
validation,demand_spike,1012,independent,485.3108333333333,14909,14178,731,952,489.6166666666667,0.95096921322691
validation,demand_spike,1012,normal_optimized,748.3409444444445,14909,12105,2804,5027,202.51111111111112,0.8119256824736736
validation,demand_spike,1012,service_aware,595.7705833333334,14909,14632,277,304,643.1833333333334,0.981420618418405
validation,supplier_delay,1001,independent,320.17069444444456,12743,12546,197,246,268.7055555555555,0.9845405320568155
validation,supplier_delay,1001,normal_optimized,1722.8150833333334,12743,5800,6943,14793,37.03888888888889,0.4551518480734521
validation,supplier_delay,1001,service_aware,479.0061388888889,12743,12715,28,30,424.2611111111111,0.9978027152161971
validation,supplier_delay,1002,independent,352.01413888888897,12743,12416,327,486,265.65555555555557,0.974338852703445
validation,supplier_delay,1002,normal_optimized,1806.062138888889,12743,5574,7169,15566,36.75,0.43741662088990035
validation,supplier_delay,1002,service_aware,481.4640555555555,12743,12714,29,39,420.3611111111111,0.9977242407596327
validation,supplier_delay,1003,independent,326.925,12743,12474,269,367,266.5222222222222,0.9788903711841795
validation,supplier_delay,1003,normal_optimized,1742.9498055555555,12743,5582,7161,15157,36.18333333333333,0.43804441654241544
validation,supplier_delay,1003,service_aware,479.8948055555554,12743,12715,28,35,421.3888888888889,0.9978027152161971
validation,supplier_delay,1004,independent,332.7380277777778,12743,12471,272,404,263.94444444444446,0.9786549478144864
validation,supplier_delay,1004,normal_optimized,1806.3999722222222,12743,5549,7194,15715,34.455555555555556,0.43545475947579065
validation,supplier_delay,1004,service_aware,477.54999999999995,12743,12716,27,27,419.1333333333333,0.9978811896727615
validation,supplier_delay,1005,independent,329.1699999999999,12743,12528,215,279,272.65555555555557,0.9831279918386565
validation,supplier_delay,1005,normal_optimized,1625.9462222222223,12743,5927,6816,14120,38.99444444444445,0.4651181040571294
validation,supplier_delay,1005,service_aware,487.28833333333347,12743,12716,27,28,428.5111111111111,0.9978811896727615
validation,supplier_delay,1006,independent,319.52130555555556,12743,12570,173,235,272.8388888888889,0.9864239190143608
validation,supplier_delay,1006,normal_optimized,1641.3829999999998,12743,5979,6764,14179,38.733333333333334,0.4691987757984776
validation,supplier_delay,1006,service_aware,484.1861944444445,12743,12730,13,15,428.8,0.9989798320646629
validation,supplier_delay,1007,independent,344.81972222222225,12743,12417,326,447,268.1166666666667,0.9744173271600094
validation,supplier_delay,1007,normal_optimized,1719.0281388888889,12743,5786,6957,14888,37.544444444444444,0.45405320568155066
validation,supplier_delay,1007,service_aware,480.8671666666666,12743,12703,40,46,422.98333333333335,0.9968610217374244
validation,supplier_delay,1008,independent,332.9619166666667,12743,12514,229,322,271.6777777777778,0.9820293494467551
validation,supplier_delay,1008,normal_optimized,1644.5100000000002,12743,5932,6811,14278,38.37222222222222,0.46551047633995135
validation,supplier_delay,1008,service_aware,483.70416666666654,12743,12727,16,20,426.74444444444447,0.9987444086949698
validation,supplier_delay,1009,independent,333.63575,12743,12518,225,317,271.6222222222222,0.9823432472730126
validation,supplier_delay,1009,normal_optimized,1661.6471666666666,12743,5874,6869,14345,39.43333333333334,0.4609589578592168
validation,supplier_delay,1009,service_aware,486.5190555555554,12743,12711,32,39,426.93888888888887,0.9974888173899396
validation,supplier_delay,1010,independent,336.61863888888894,12743,12443,300,424,268.0722222222222,0.9764576630306835
validation,supplier_delay,1010,normal_optimized,1736.3120277777778,12743,5664,7079,15195,36.82222222222222,0.4444793219806953
validation,supplier_delay,1010,service_aware,479.3589999999999,12743,12714,29,38,423.3833333333333,0.9977242407596327
validation,supplier_delay,1011,independent,329.5247222222222,12743,12512,231,303,271.53333333333336,0.9818724005336263
validation,supplier_delay,1011,normal_optimized,1659.41175,12743,5776,6967,14288,36.15,0.4532684611159068
validation,supplier_delay,1011,service_aware,482.8356944444443,12743,12720,23,26,427.1166666666667,0.9981950874990191
validation,supplier_delay,1012,independent,351.41399999999993,12743,12380,363,471,269.8,0.9715137722671271
validation,supplier_delay,1012,normal_optimized,1696.302888888889,12743,6143,6600,14526,37.33333333333333,0.48206858667503727
validation,supplier_delay,1012,service_aware,482.3556111111111,12743,12708,35,35,424.56111111111113,0.9972533940202464
validation,combined_stress,1001,independent,1464.4425555555556,14909,10810,4099,10186,206.80555555555554,0.7250653967402241
validation,combined_stress,1001,normal_optimized,4036.7470000000003,14909,4479,10430,34184,27.544444444444444,0.3004225635522168
validation,combined_stress,1001,service_aware,1025.489361111111,14909,12256,2653,5291,336.2166666666667,0.822053793010933
validation,combined_stress,1002,independent,1349.3070277777776,14909,10844,4065,9405,201.7888888888889,0.7273458984506003
validation,combined_stress,1002,normal_optimized,3966.9219722222224,14909,4148,10761,33952,26.738888888888887,0.2782212086659065
validation,combined_stress,1002,service_aware,932.5095555555556,14909,12461,2448,4653,332.19444444444446,0.8358038768529077
validation,combined_stress,1003,independent,1421.17675,14909,10768,4141,10054,203.62777777777777,0.7222483063921121
validation,combined_stress,1003,normal_optimized,3998.0271666666667,14909,4317,10592,34252,27.077777777777776,0.289556643638071
validation,combined_stress,1003,service_aware,985.1909166666667,14909,12314,2595,5118,333.15,0.8259440606345161
validation,combined_stress,1004,independent,1427.3593888888888,14909,10872,4037,10032,201.11666666666667,0.7292239586826749
validation,combined_stress,1004,normal_optimized,4017.3208055555556,14909,4258,10651,34473,24.194444444444443,0.28559930243477094
validation,combined_stress,1004,service_aware,1004.1494444444444,14909,12343,2566,5218,331.7111111111111,0.8278891944463076
validation,combined_stress,1005,independent,1284.5999722222223,14909,11006,3903,8833,209.02777777777777,0.7382118183647461
validation,combined_stress,1005,normal_optimized,3737.3861944444443,14909,4486,10423,32109,27.21666666666667,0.3008920786102354
validation,combined_stress,1005,service_aware,894.5535555555555,14909,12512,2397,4248,340.53333333333336,0.8392246294184721
validation,combined_stress,1006,independent,1273.9795,14909,11176,3733,8876,207.5,0.7496143269166275
validation,combined_stress,1006,normal_optimized,3774.7165833333333,14909,4464,10445,32422,26.866666666666667,0.29941645985646254
validation,combined_stress,1006,service_aware,898.0696666666665,14909,12627,2282,4352,339.53333333333336,0.8469380910859212
validation,combined_stress,1007,independent,1349.9074722222222,14909,10836,4073,9675,205.2277777777778,0.7268093098128647
validation,combined_stress,1007,normal_optimized,3882.4733055555557,14909,4415,10494,33440,26.555555555555557,0.296129854450332
validation,combined_stress,1007,service_aware,937.5958055555556,14909,12412,2497,4912,335.9944444444444,0.8325172714467771
validation,combined_stress,1008,independent,1318.0458333333333,14909,10944,3965,9211,207.55555555555554,0.7340532564222952
validation,combined_stress,1008,normal_optimized,3752.3150000000005,14909,4466,10443,32225,26.711111111111112,0.2995506070158964
validation,combined_stress,1008,service_aware,913.524111111111,14909,12504,2405,4507,338.4222222222222,0.8386880407807364
validation,combined_stress,1009,independent,1350.135527777778,14909,10912,3997,9540,208.16666666666666,0.7319069018713529
validation,combined_stress,1009,normal_optimized,3831.792833333333,14909,4531,10378,32904,27.683333333333334,0.3039103896974982
validation,combined_stress,1009,service_aware,944.7322777777777,14909,12457,2452,4788,338.3,0.8355355825340398
validation,combined_stress,1010,independent,1407.2153055555557,14909,10872,4037,10206,206.3777777777778,0.7292239586826749
validation,combined_stress,1010,normal_optimized,3981.3500277777775,14909,4328,10581,34364,26.116666666666667,0.29029445301495743
validation,combined_stress,1010,service_aware,992.7723333333333,14909,12369,2540,5384,336.9222222222222,0.8296331075189483
validation,combined_stress,1011,independent,1403.2266388888888,14909,10823,4086,9943,207.95555555555555,0.7259373532765444
validation,combined_stress,1011,normal_optimized,3876.8439722222224,14909,4451,10458,33142,26.56111111111111,0.2985445033201422
validation,combined_stress,1011,service_aware,965.7856666666667,14909,12406,2503,4986,337.65555555555557,0.8321148299684754
validation,combined_stress,1012,independent,1358.4984722222223,14909,10977,3932,9721,206.8388888888889,0.7362666845529546
validation,combined_stress,1012,normal_optimized,3831.7665833333335,14909,4737,10172,32841,25.555555555555557,0.31772754711918977
validation,combined_stress,1012,service_aware,953.7506944444444,14909,12457,2452,5002,337.6277777777778,0.8355355825340398
test,normal,1001,independent,433.01411111111133,13171,13087,84,86,538.4611111111111,0.9936223521372712
test,normal,1001,normal_optimized,342.94780555555553,13171,12371,800,948,231.52222222222224,0.9392604965454407
test,normal,1001,service_aware,611.0574444444446,13171,13158,13,13,695.0555555555555,0.9990129830688634
test,normal,1002,independent,429.7443055555555,13171,13134,37,37,539.4555555555555,0.9971907979652266
test,normal,1002,normal_optimized,326.36986111111105,13171,12483,688,758,232.63333333333333,0.947764027029079
test,normal,1002,service_aware,612.8120833333332,13171,13161,10,10,696.3055555555555,0.999240756206818
test,normal,1003,independent,430.43525,13171,13122,49,53,538.5111111111111,0.9962797054134083
test,normal,1003,normal_optimized,332.8631944444444,13171,12396,775,842,232.1888888888889,0.9411586060283957
test,normal,1003,service_aware,610.6835833333337,13171,13164,7,7,695.2555555555556,0.9994685293447726
test,normal,1004,independent,433.5148333333334,13171,13087,84,87,536.5388888888889,0.9936223521372712
test,normal,1004,normal_optimized,337.92183333333327,13171,12390,781,926,229.79444444444445,0.9407030597524865
test,normal,1004,service_aware,609.9198333333334,13171,13163,8,8,693.1,0.9993926049654545
test,normal,1005,independent,430.84119444444457,13171,13148,23,23,545.4166666666667,0.9982537392756814
test,normal,1005,normal_optimized,331.20425,13171,12460,711,797,239.09444444444443,0.9460177663047604
test,normal,1005,service_aware,615.0195277777776,13171,13167,4,4,702.3111111111111,0.9996963024827272
test,normal,1006,independent,431.3633055555554,13171,13126,45,46,542.3833333333333,0.996583402930681
test,normal,1006,normal_optimized,329.3464722222222,13171,12402,769,809,235.34444444444443,0.9416141523043049
test,normal,1006,service_aware,612.5121944444445,13171,13164,7,7,699.1666666666666,0.9994685293447726
test,normal,1007,independent,425.5914444444445,13171,13151,20,20,538.088888888889,0.998481512413636
test,normal,1007,normal_optimized,323.13024999999993,13171,12454,717,769,231.5611111111111,0.9455622200288513
test,normal,1007,service_aware,611.6153333333334,13171,13162,9,9,695.0277777777778,0.9993166805861362
test,normal,1008,independent,430.61055555555566,13171,13144,27,29,545.4055555555556,0.9979500417584086
test,normal,1008,normal_optimized,332.28975,13171,12445,726,819,238.84444444444443,0.9448789006149875
test,normal,1008,service_aware,615.7480555555555,13171,13163,8,8,702.2888888888889,0.9993926049654545
test,normal,1009,independent,433.1568333333333,13171,13125,46,47,542.2944444444445,0.9965074785513628
test,normal,1009,normal_optimized,345.67,13171,12324,847,951,236.26666666666668,0.9356920507174854
test,normal,1009,service_aware,614.711,13171,13160,11,11,699.0944444444444,0.9991648318274998
test,normal,1010,independent,425.14061111111107,13171,13129,42,45,538.2777777777778,0.9968111760686357
test,normal,1010,normal_optimized,332.3927777777777,13171,12411,760,889,231.72222222222223,0.9422974717181687
test,normal,1010,service_aware,607.8936666666665,13171,13165,6,7,695.0666666666666,0.9995444537240908
test,normal,1011,independent,431.29083333333324,13171,13108,63,66,545.8000000000001,0.9952167641029535
test,normal,1011,normal_optimized,342.112388888889,13171,12394,777,907,240.5,0.9410067572697594
test,normal,1011,service_aware,612.735555555556,13171,13152,19,22,702.5555555555555,0.9985574367929542
test,normal,1012,independent,430.80083333333334,13171,13117,54,58,538.1722222222222,0.9959000835168172
test,normal,1012,normal_optimized,352.19791666666674,13171,12255,916,1024,232.54444444444445,0.9304532685445297
test,normal,1012,service_aware,610.3747222222221,13171,13163,8,8,694.8944444444444,0.9993926049654545
test,demand_spike,1001,independent,529.3350277777779,15408,14566,842,1149,473.4333333333333,0.9453530633437176
test,demand_spike,1001,normal_optimized,940.7101666666667,15408,11660,3748,6388,191.05,0.7567497403946002
test,demand_spike,1001,service_aware,601.4261111111113,15408,15152,256,335,625.85,0.9833852544132918
test,demand_spike,1002,independent,469.53952777777783,15408,14782,626,727,476.75,0.9593717549325026
test,demand_spike,1002,normal_optimized,783.9279444444444,15408,11985,3423,5204,189.26111111111112,0.7778426791277259
test,demand_spike,1002,service_aware,583.1618055555557,15408,15243,165,186,630.7666666666667,0.989291277258567
test,demand_spike,1003,independent,476.7776944444443,15408,14702,706,779,473.56111111111113,0.9541796469366562
test,demand_spike,1003,normal_optimized,853.0190833333334,15408,11868,3540,5546,188.98333333333332,0.7702492211838006
test,demand_spike,1003,service_aware,573.942388888889,15408,15286,122,146,626.95,0.9920820353063343
test,demand_spike,1004,independent,500.29847222222224,15408,14608,800,976,472.7722222222222,0.9480789200415368
test,demand_spike,1004,normal_optimized,880.2676944444444,15408,11868,3540,5880,188.38888888888889,0.7702492211838006
test,demand_spike,1004,service_aware,588.4518055555557,15408,15166,242,277,625.7111111111111,0.9842938733125649
test,demand_spike,1005,independent,472.6911388888889,15408,14780,628,744,483.06666666666666,0.9592419522326064
test,demand_spike,1005,normal_optimized,754.4243333333334,15408,12262,3146,4917,196.87777777777777,0.7958203530633438
test,demand_spike,1005,service_aware,585.2441388888889,15408,15253,155,181,636.8722222222221,0.9899402907580478
test,demand_spike,1006,independent,478.1311666666667,15408,14759,649,749,479.93888888888887,0.9578790238836968
test,demand_spike,1006,normal_optimized,781.4185,15408,12189,3219,4960,191.1,0.7910825545171339
test,demand_spike,1006,service_aware,584.4538333333333,15408,15217,191,208,633.8666666666667,0.9876038421599169
test,demand_spike,1007,independent,460.9648888888888,15408,14773,635,682,472.7111111111111,0.9587876427829699
test,demand_spike,1007,normal_optimized,823.6616944444444,15408,11902,3506,5594,188.73888888888888,0.7724558670820353
test,demand_spike,1007,service_aware,577.3196944444446,15408,15267,141,156,626.9,0.9908489096573209
test,demand_spike,1008,independent,440.88388888888903,15408,14971,437,469,481.0722222222222,0.9716381100726895
test,demand_spike,1008,normal_optimized,753.1375,15408,12138,3270,4982,193.36111111111111,0.7877725856697819
test,demand_spike,1008,service_aware,575.9666111111111,15408,15318,90,99,636.0944444444444,0.9941588785046729
test,demand_spike,1009,independent,497.8478611111111,15408,14603,805,946,477.49444444444447,0.9477544132917964
test,demand_spike,1009,normal_optimized,863.7486111111112,15408,12001,3407,5934,195.4111111111111,0.7788811007268951
test,demand_spike,1009,service_aware,586.0740000000001,15408,15191,217,233,630.5333333333333,0.9859164070612668
test,demand_spike,1010,independent,485.73100000000005,15408,14613,795,937,472.27222222222224,0.9484034267912772
test,demand_spike,1010,normal_optimized,946.7672777777777,15408,11772,3636,6693,191.8722222222222,0.764018691588785
test,demand_spike,1010,service_aware,573.5153888888887,15408,15237,171,184,625.1888888888889,0.9889018691588785
test,demand_spike,1011,independent,494.07683333333324,15408,14638,770,944,483.20000000000005,0.9500259605399792
test,demand_spike,1011,normal_optimized,796.9941111111111,15408,12068,3340,5201,197.56666666666666,0.7832294911734164
test,demand_spike,1011,service_aware,589.4514444444446,15408,15171,237,260,636.6055555555556,0.9846183800623053
test,demand_spike,1012,independent,508.8785833333334,15408,14584,824,1048,475.23333333333335,0.946521287642783
test,demand_spike,1012,normal_optimized,866.8022777777777,15408,11909,3499,5942,192.05,0.7729101765316718
test,demand_spike,1012,service_aware,592.2558055555554,15408,15165,243,289,627.8888888888889,0.9842289719626168
test,supplier_delay,1001,independent,354.32416666666677,13171,12727,444,569,247.1111111111111,0.9662895755827197
test,supplier_delay,1001,normal_optimized,2082.779888888889,13171,5168,8003,17891,34.2,0.3923771923164528
test,supplier_delay,1001,service_aware,462.409611111111,13171,13132,39,42,401.1666666666667,0.9970389492065902
test,supplier_delay,1002,independent,337.2406666666667,13171,12840,331,411,249.70555555555558,0.9748690304456761
test,supplier_delay,1002,normal_optimized,2044.8425,13171,5045,8126,17727,33.861111111111114,0.38303849366031434
test,supplier_delay,1002,service_aware,468.58002777777773,13171,13135,36,37,404.68888888888887,0.9972667223445448
test,supplier_delay,1003,independent,345.6285,13171,12808,363,459,247.66111111111113,0.9724394503074938
test,supplier_delay,1003,normal_optimized,2153.47975,13171,4810,8361,18389,35.5,0.36519626452053755
test,supplier_delay,1003,service_aware,462.4541666666667,13171,13147,24,25,402.15,0.9981778148963633
test,supplier_delay,1004,independent,335.4936388888889,13171,12809,362,440,244.48888888888888,0.9725153746868119
test,supplier_delay,1004,normal_optimized,2186.913333333333,13171,4937,8234,18929,33.90555555555556,0.37483866069394883
test,supplier_delay,1004,service_aware,460.9105555555557,13171,13149,22,22,399.25,0.9983296636549996
test,supplier_delay,1005,independent,337.36172222222217,13171,12880,291,393,257.6277777777778,0.977906005618404
test,supplier_delay,1005,normal_optimized,1896.7843333333333,13171,5507,7664,16343,37.016666666666666,0.4181155569053223
test,supplier_delay,1005,service_aware,474.9331944444446,13171,13127,44,48,412.47777777777776,0.9966593273099993
test,supplier_delay,1006,independent,341.01741666666663,13171,12836,335,415,253.05,0.9745653329284033
test,supplier_delay,1006,normal_optimized,1977.998722222222,13171,5232,7939,16963,35.394444444444446,0.39723635259281753
test,supplier_delay,1006,service_aware,467.59038888888887,13171,13155,16,16,408.11111111111114,0.9987852099309088
test,supplier_delay,1007,independent,330.98800000000006,13171,12856,315,374,248.67777777777778,0.9760838205147673
test,supplier_delay,1007,normal_optimized,2046.3660555555557,13171,5003,8168,17594,35.327777777777776,0.37984966972894996
test,supplier_delay,1007,service_aware,462.7523333333334,13171,13153,18,18,403.46666666666664,0.9986333611722724
test,supplier_delay,1008,independent,327.0363055555556,13171,12914,257,308,255.31111111111113,0.9804874345152228
test,supplier_delay,1008,normal_optimized,1962.6999722222222,13171,5302,7869,16932,35.56111111111111,0.4025510591450915
test,supplier_delay,1008,service_aware,472.0205555555557,13171,13151,20,20,410.7944444444444,0.998481512413636
test,supplier_delay,1009,independent,336.02688888888883,13171,12843,328,396,253.6777777777778,0.9750968035836307
test,supplier_delay,1009,normal_optimized,2062.4603333333334,13171,5231,7940,17843,37.62222222222222,0.39716042821349934
test,supplier_delay,1009,service_aware,469.3399722222223,13171,13147,24,24,408.35,0.9981778148963633
test,supplier_delay,1010,independent,333.1994722222222,13171,12826,345,428,246.74444444444444,0.9738060891352213
test,supplier_delay,1010,normal_optimized,2097.9971666666665,13171,5147,8024,18264,33.3,0.39078278035077063
test,supplier_delay,1010,service_aware,462.6057777777778,13171,13142,29,32,401.72777777777776,0.9977981929997722
test,supplier_delay,1011,independent,331.0833055555557,13171,12891,280,322,257.4666666666667,0.9787411737909043
test,supplier_delay,1011,normal_optimized,1939.5229722222223,13171,5251,7920,16659,36.69444444444444,0.3986789157998633
test,supplier_delay,1011,service_aware,471.58261111111074,13171,13141,30,33,412.5,0.997722268620454
test,supplier_delay,1012,independent,347.72927777777767,13171,12752,419,528,247.92777777777778,0.9681876850656745
test,supplier_delay,1012,normal_optimized,2050.1136666666666,13171,5341,7830,17778,36.72222222222222,0.40551210993850123
test,supplier_delay,1012,service_aware,464.2850277777776,13171,13136,35,39,402.0388888888889,0.9973426467238631
test,combined_stress,1001,independent,1691.9685833333333,15408,10795,4613,11673,191.04999999999998,0.7006100726895119
test,combined_stress,1001,normal_optimized,4546.59463888889,15408,4038,11370,38510,27.672222222222224,0.2620716510903427
test,combined_stress,1001,service_aware,1178.6559444444445,15408,12501,2907,6125,316.82222222222225,0.8113317757009346
test,combined_stress,1002,independent,1526.7632777777778,15408,10716,4692,10569,188.75,0.6954828660436138
test,combined_stress,1002,normal_optimized,4383.4825,15408,3916,11492,37505,26.63888888888889,0.25415368639667707
test,combined_stress,1002,service_aware,1018.0043333333333,15408,12597,2811,5079,314.97222222222223,0.8175623052959502
test,combined_stress,1003,independent,1652.058361111111,15408,10518,4890,11491,189.12777777777777,0.682632398753894
test,combined_stress,1003,normal_optimized,4581.999444444445,15408,3781,11627,38804,28.96666666666666,0.2453920041536864
test,combined_stress,1003,service_aware,1104.72225,15408,12384,3024,5680,313.77222222222224,0.8037383177570093
test,combined_stress,1004,independent,1697.5014166666667,15408,10665,4743,11906,187.0611111111111,0.6921728971962616
test,combined_stress,1004,normal_optimized,4605.268972222222,15408,3883,11525,39131,27.47222222222222,0.25201194184839043
test,combined_stress,1004,service_aware,1169.8876666666667,15408,12357,3051,6165,312.73333333333335,0.8019859813084113
test,combined_stress,1005,independent,1478.2505277777777,15408,11021,4387,10149,197.16666666666666,0.7152777777777778
test,combined_stress,1005,normal_optimized,4209.455861111111,15408,4196,11212,35818,29.3,0.27232606438213913
test,combined_stress,1005,service_aware,1015.8432222222223,15408,12787,2621,4982,325.09999999999997,0.8298935617860852
test,combined_stress,1006,independent,1436.9320277777779,15408,11101,4307,9769,189.86666666666667,0.7204698857736241
test,combined_stress,1006,normal_optimized,4280.861222222222,15408,3865,11543,36386,26.322222222222223,0.25084371754932505
test,combined_stress,1006,service_aware,999.9235833333333,15408,12914,2494,4765,319.77777777777777,0.8381360332294912
test,combined_stress,1007,independent,1626.4676388888888,15408,10615,4793,11519,191.30555555555554,0.6889278296988577
test,combined_stress,1007,normal_optimized,4428.350305555556,15408,3954,11454,37722,28.422222222222224,0.25661993769470404
test,combined_stress,1007,service_aware,1100.5300833333336,15408,12232,3176,5852,316.5388888888889,0.7938733125649013
test,combined_stress,1008,independent,1525.4700833333334,15408,10745,4663,10603,193.70555555555555,0.697365005192108
test,combined_stress,1008,normal_optimized,4328.775666666666,15408,4067,11341,36937,28.494444444444444,0.26395379023883697
test,combined_stress,1008,service_aware,1033.84075,15408,12439,2969,5242,320.56666666666666,0.8073078920041536
test,combined_stress,1009,independent,1612.002361111111,15408,10804,4604,11396,193.93333333333334,0.7011941848390446
test,combined_stress,1009,normal_optimized,4407.729972222222,15408,3977,11431,37744,29.344444444444445,0.25811266874350985
test,combined_stress,1009,service_aware,1116.3206944444444,15408,12570,2838,5885,320.15555555555557,0.815809968847352
test,combined_stress,1010,independent,1730.374388888889,15408,10700,4708,12481,190.5222222222222,0.6944444444444444
test,combined_stress,1010,normal_optimized,4543.914222222222,15408,4050,11358,38947,26.96111111111111,0.2628504672897196
test,combined_stress,1010,service_aware,1208.6113611111111,15408,12251,3157,6801,315.8833333333333,0.7951064382139148
test,combined_stress,1011,independent,1544.354277777778,15408,10818,4590,10653,196.89999999999998,0.7021028037383178
test,combined_stress,1011,normal_optimized,4255.177333333333,15408,4047,11361,36114,28.905555555555555,0.2626557632398754
test,combined_stress,1011,service_aware,1049.2868611111112,15408,12643,2765,5241,323.3333333333333,0.8205477673935618
test,combined_stress,1012,independent,1559.6409166666665,15408,10751,4657,11280,190.18333333333334,0.6977544132917964
test,combined_stress,1012,normal_optimized,4365.179555555555,15408,4094,11314,37530,27.705555555555556,0.2657061266874351
test,combined_stress,1012,service_aware,1063.8825277777776,15408,12599,2809,5734,316.5777777777778,0.8176921079958464
