receipt_id,node_id,sku,dispatch_date,receipt_date,quantity
0,0,SKU-001,2023-01-01,2023-01-07,50
1,0,SKU-001,2023-01-11,2023-01-13,75
2,0,SKU-001,2023-01-21,2023-01-23,75
3,0,SKU-001,2023-01-31,2023-02-02,87
4,0,SKU-001,2023-02-10,2023-02-12,58
5,0,SKU-001,2023-02-20,2023-02-24,86
6,0,SKU-001,2023-03-02,2023-03-08,47
7,0,SKU-001,2023-03-12,2023-03-18,62
8,0,SKU-001,2023-03-22,2023-03-25,73
9,0,SKU-001,2023-04-01,2023-04-07,71
10,0,SKU-001,2023-04-11,2023-04-14,33
11,0,SKU-001,2023-04-21,2023-04-27,54
12,0,SKU-001,2023-05-01,2023-05-07,52
13,0,SKU-001,2023-05-11,2023-05-13,97
14,0,SKU-001,2023-05-21,2023-05-23,97
15,0,SKU-001,2023-05-31,2023-06-02,55
16,0,SKU-001,2023-06-10,2023-06-12,85
17,0,SKU-001,2023-06-20,2023-06-22,68
18,0,SKU-001,2023-06-30,2023-07-06,57
19,0,SKU-001,2023-07-10,2023-07-12,84
20,0,SKU-001,2023-07-20,2023-07-24,96
21,0,SKU-001,2023-07-30,2023-08-02,55
22,0,SKU-001,2023-08-09,2023-08-12,41
23,0,SKU-001,2023-08-19,2023-08-23,96
24,0,SKU-001,2023-08-29,2023-09-02,79
25,0,SKU-001,2023-09-08,2023-09-12,45
26,0,SKU-001,2023-09-18,2023-09-24,30
27,0,SKU-001,2023-09-28,2023-10-01,76
28,0,SKU-001,2023-10-08,2023-10-10,73
29,0,SKU-001,2023-10-18,2023-10-20,45
30,0,SKU-001,2023-10-28,2023-11-03,74
31,0,SKU-001,2023-11-07,2023-11-13,40
32,0,SKU-001,2023-11-17,2023-11-23,58
33,0,SKU-001,2023-11-27,2023-12-03,51
34,0,SKU-001,2023-12-07,2023-12-13,90
35,0,SKU-001,2023-12-17,2023-12-21,50
36,0,SKU-001,2023-12-27,2024-01-02,49
37,0,SKU-001,2024-01-06,2024-01-08,82
38,0,SKU-001,2024-01-16,2024-01-18,31
39,0,SKU-001,2024-01-26,2024-01-28,80
40,0,SKU-001,2024-02-05,2024-02-07,33
41,0,SKU-001,2024-02-15,2024-02-21,33
42,0,SKU-001,2024-02-25,2024-02-29,64
43,0,SKU-001,2024-03-06,2024-03-09,97
44,0,SKU-001,2024-03-16,2024-03-19,41
45,0,SKU-001,2024-03-26,2024-03-29,51
46,0,SKU-001,2024-04-05,2024-04-11,77
47,0,SKU-001,2024-04-15,2024-04-17,92
48,0,SKU-001,2024-04-25,2024-05-01,64
49,0,SKU-001,2024-05-05,2024-05-08,64
50,0,SKU-001,2024-05-15,2024-05-19,51
51,0,SKU-001,2024-05-25,2024-05-28,56
52,0,SKU-001,2024-06-04,2024-06-10,39
53,0,SKU-001,2024-06-14,2024-06-16,38
54,0,SKU-001,2024-06-24,2024-06-26,81
55,0,SKU-001,2024-07-04,2024-07-07,63
56,0,SKU-001,2024-07-14,2024-07-20,84
57,0,SKU-001,2024-07-24,2024-07-30,75
58,0,SKU-001,2024-08-03,2024-08-09,30
59,0,SKU-001,2024-08-13,2024-08-16,65
60,0,SKU-001,2024-08-23,2024-08-29,68
61,0,SKU-001,2024-09-02,2024-09-06,39
62,0,SKU-001,2024-09-12,2024-09-18,96
63,0,SKU-001,2024-09-22,2024-09-25,85
64,0,SKU-001,2024-10-02,2024-10-04,92
65,0,SKU-001,2024-10-12,2024-10-16,71
66,0,SKU-001,2024-10-22,2024-10-26,88
67,0,SKU-001,2024-11-01,2024-11-04,42
68,0,SKU-001,2024-11-11,2024-11-15,89
69,0,SKU-001,2024-11-21,2024-11-27,94
70,0,SKU-001,2024-12-01,2024-12-03,31
71,0,SKU-001,2024-12-11,2024-12-13,74
72,0,SKU-001,2024-12-21,2024-12-24,36
73,0,SKU-001,2024-12-31,2025-01-03,75
74,0,SKU-001,2025-01-10,2025-01-12,92
75,0,SKU-001,2025-01-20,2025-01-23,42
76,0,SKU-001,2025-01-30,2025-02-02,64
77,0,SKU-001,2025-02-09,2025-02-15,36
78,0,SKU-001,2025-02-19,2025-02-22,75
79,0,SKU-001,2025-03-01,2025-03-07,38
80,0,SKU-001,2025-03-11,2025-03-13,98
81,0,SKU-001,2025-03-21,2025-03-27,52
82,0,SKU-001,2025-03-31,2025-04-03,42
83,0,SKU-001,2025-04-10,2025-04-16,96
84,0,SKU-001,2025-04-20,2025-04-24,75
85,0,SKU-001,2025-04-30,2025-05-04,64
86,0,SKU-001,2025-05-10,2025-05-13,82
87,0,SKU-001,2025-05-20,2025-05-23,90
88,0,SKU-001,2025-05-30,2025-06-02,86
89,0,SKU-002,2023-01-01,2023-01-04,54
90,0,SKU-002,2023-01-11,2023-01-13,57
91,0,SKU-002,2023-01-21,2023-01-25,66
92,0,SKU-002,2023-01-31,2023-02-04,71
93,0,SKU-002,2023-02-10,2023-02-13,51
94,0,SKU-002,2023-02-20,2023-02-22,39
95,0,SKU-002,2023-03-02,2023-03-06,60
96,0,SKU-002,2023-03-12,2023-03-14,87
97,0,SKU-002,2023-03-22,2023-03-25,49
98,0,SKU-002,2023-04-01,2023-04-04,56
99,0,SKU-002,2023-04-11,2023-04-14,49
100,0,SKU-002,2023-04-21,2023-04-23,72
101,0,SKU-002,2023-05-01,2023-05-05,96
102,0,SKU-002,2023-05-11,2023-05-13,42
103,0,SKU-002,2023-05-21,2023-05-24,84
104,0,SKU-002,2023-05-31,2023-06-04,76
105,0,SKU-002,2023-06-10,2023-06-14,99
106,0,SKU-002,2023-06-20,2023-06-23,36
107,0,SKU-002,2023-06-30,2023-07-03,93
108,0,SKU-002,2023-07-10,2023-07-14,86
109,0,SKU-002,2023-07-20,2023-07-24,93
110,0,SKU-002,2023-07-30,2023-08-03,82
111,0,SKU-002,2023-08-09,2023-08-13,49
112,0,SKU-002,2023-08-19,2023-08-21,59
113,0,SKU-002,2023-08-29,2023-09-04,37
114,0,SKU-002,2023-09-08,2023-09-10,30
115,0,SKU-002,2023-09-18,2023-09-21,96
116,0,SKU-002,2023-09-28,2023-10-01,87
117,0,SKU-002,2023-10-08,2023-10-12,35
118,0,SKU-002,2023-10-18,2023-10-21,61
119,0,SKU-002,2023-10-28,2023-10-31,50
120,0,SKU-002,2023-11-07,2023-11-11,50
121,0,SKU-002,2023-11-17,2023-11-23,92
122,0,SKU-002,2023-11-27,2023-11-29,99
123,0,SKU-002,2023-12-07,2023-12-11,59
124,0,SKU-002,2023-12-17,2023-12-21,87
125,0,SKU-002,2023-12-27,2023-12-29,41
126,0,SKU-002,2024-01-06,2024-01-08,83
127,0,SKU-002,2024-01-16,2024-01-22,33
128,0,SKU-002,2024-01-26,2024-02-01,53
129,0,SKU-002,2024-02-05,2024-02-07,69
130,0,SKU-002,2024-02-15,2024-02-19,34
131,0,SKU-002,2024-02-25,2024-02-28,38
132,0,SKU-002,2024-03-06,2024-03-08,52
133,0,SKU-002,2024-03-16,2024-03-22,63
134,0,SKU-002,2024-03-26,2024-03-30,45
135,0,SKU-002,2024-04-05,2024-04-09,52
136,0,SKU-002,2024-04-15,2024-04-18,41
137,0,SKU-002,2024-04-25,2024-04-29,37
138,0,SKU-002,2024-05-05,2024-05-08,59
139,0,SKU-002,2024-05-15,2024-05-18,45
140,0,SKU-002,2024-05-25,2024-05-27,75
141,0,SKU-002,2024-06-04,2024-06-10,45
142,0,SKU-002,2024-06-14,2024-06-16,43
143,0,SKU-002,2024-06-24,2024-06-27,55
144,0,SKU-002,2024-07-04,2024-07-07,37
145,0,SKU-002,2024-07-14,2024-07-20,32
146,0,SKU-002,2024-07-24,2024-07-27,83
147,0,SKU-002,2024-08-03,2024-08-07,42
148,0,SKU-002,2024-08-13,2024-08-15,72
149,0,SKU-002,2024-08-23,2024-08-25,51
150,0,SKU-002,2024-09-02,2024-09-08,52
151,0,SKU-002,2024-09-12,2024-09-15,41
152,0,SKU-002,2024-09-22,2024-09-25,46
153,0,SKU-002,2024-10-02,2024-10-04,70
154,0,SKU-002,2024-10-12,2024-10-14,71
155,0,SKU-002,2024-10-22,2024-10-24,50
156,0,SKU-002,2024-11-01,2024-11-03,44
157,0,SKU-002,2024-11-11,2024-11-14,54
158,0,SKU-002,2024-11-21,2024-11-27,36
159,0,SKU-002,2024-12-01,2024-12-04,67
160,0,SKU-002,2024-12-11,2024-12-17,87
161,0,SKU-002,2024-12-21,2024-12-25,74
162,0,SKU-002,2024-12-31,2025-01-06,31
163,0,SKU-002,2025-01-10,2025-01-16,49
164,0,SKU-002,2025-01-20,2025-01-24,63
165,0,SKU-002,2025-01-30,2025-02-02,93
166,0,SKU-002,2025-02-09,2025-02-15,41
167,0,SKU-002,2025-02-19,2025-02-22,35
168,0,SKU-002,2025-03-01,2025-03-03,67
169,0,SKU-002,2025-03-11,2025-03-13,69
170,0,SKU-002,2025-03-21,2025-03-25,98
171,0,SKU-002,2025-03-31,2025-04-04,67
172,0,SKU-002,2025-04-10,2025-04-12,31
173,0,SKU-002,2025-04-20,2025-04-26,76
174,0,SKU-002,2025-04-30,2025-05-06,44
175,0,SKU-002,2025-05-10,2025-05-14,86
176,0,SKU-002,2025-05-20,2025-05-23,60
177,0,SKU-002,2025-05-30,2025-06-05,90
178,0,SKU-003,2023-01-01,2023-01-04,42
179,0,SKU-003,2023-01-11,2023-01-17,71
180,0,SKU-003,2023-01-21,2023-01-24,79
181,0,SKU-003,2023-01-31,2023-02-03,33
182,0,SKU-003,2023-02-10,2023-02-14,63
183,0,SKU-003,2023-02-20,2023-02-26,77
184,0,SKU-003,2023-03-02,2023-03-08,73
185,0,SKU-003,2023-03-12,2023-03-15,37
186,0,SKU-003,2023-03-22,2023-03-28,32
187,0,SKU-003,2023-04-01,2023-04-07,45
188,0,SKU-003,2023-04-11,2023-04-15,46
189,0,SKU-003,2023-04-21,2023-04-24,71
190,0,SKU-003,2023-05-01,2023-05-05,31
191,0,SKU-003,2023-05-11,2023-05-17,49
192,0,SKU-003,2023-05-21,2023-05-25,46
193,0,SKU-003,2023-05-31,2023-06-06,88
194,0,SKU-003,2023-06-10,2023-06-12,54
195,0,SKU-003,2023-06-20,2023-06-23,80
196,0,SKU-003,2023-06-30,2023-07-06,87
197,0,SKU-003,2023-07-10,2023-07-13,79
198,0,SKU-003,2023-07-20,2023-07-26,37
199,0,SKU-003,2023-07-30,2023-08-01,81
200,0,SKU-003,2023-08-09,2023-08-12,89
201,0,SKU-003,2023-08-19,2023-08-25,56
202,0,SKU-003,2023-08-29,2023-09-04,92
203,0,SKU-003,2023-09-08,2023-09-11,78
204,0,SKU-003,2023-09-18,2023-09-21,79
205,0,SKU-003,2023-09-28,2023-10-02,68
206,0,SKU-003,2023-10-08,2023-10-12,56
207,0,SKU-003,2023-10-18,2023-10-22,52
208,0,SKU-003,2023-10-28,2023-11-03,85
209,0,SKU-003,2023-11-07,2023-11-10,88
210,0,SKU-003,2023-11-17,2023-11-21,53
211,0,SKU-003,2023-11-27,2023-11-30,74
212,0,SKU-003,2023-12-07,2023-12-13,80
213,0,SKU-003,2023-12-17,2023-12-21,45
214,0,SKU-003,2023-12-27,2023-12-30,74
215,0,SKU-003,2024-01-06,2024-01-08,53
216,0,SKU-003,2024-01-16,2024-01-19,49
217,0,SKU-003,2024-01-26,2024-02-01,52
218,0,SKU-003,2024-02-05,2024-02-08,52
219,0,SKU-003,2024-02-15,2024-02-21,64
220,0,SKU-003,2024-02-25,2024-02-27,54
221,0,SKU-003,2024-03-06,2024-03-12,80
222,0,SKU-003,2024-03-16,2024-03-18,92
223,0,SKU-003,2024-03-26,2024-03-29,84
224,0,SKU-003,2024-04-05,2024-04-08,68
225,0,SKU-003,2024-04-15,2024-04-19,77
226,0,SKU-003,2024-04-25,2024-04-29,92
227,0,SKU-003,2024-05-05,2024-05-11,71
228,0,SKU-003,2024-05-15,2024-05-18,33
229,0,SKU-003,2024-05-25,2024-05-28,50
230,0,SKU-003,2024-06-04,2024-06-10,53
231,0,SKU-003,2024-06-14,2024-06-16,98
232,0,SKU-003,2024-06-24,2024-06-27,81
233,0,SKU-003,2024-07-04,2024-07-06,59
234,0,SKU-003,2024-07-14,2024-07-20,54
235,0,SKU-003,2024-07-24,2024-07-27,97
236,0,SKU-003,2024-08-03,2024-08-05,83
237,0,SKU-003,2024-08-13,2024-08-16,44
238,0,SKU-003,2024-08-23,2024-08-25,63
239,0,SKU-003,2024-09-02,2024-09-06,45
240,0,SKU-003,2024-09-12,2024-09-14,99
241,0,SKU-003,2024-09-22,2024-09-26,70
242,0,SKU-003,2024-10-02,2024-10-08,35
243,0,SKU-003,2024-10-12,2024-10-18,51
244,0,SKU-003,2024-10-22,2024-10-24,67
245,0,SKU-003,2024-11-01,2024-11-07,65
246,0,SKU-003,2024-11-11,2024-11-13,45
247,0,SKU-003,2024-11-21,2024-11-24,77
248,0,SKU-003,2024-12-01,2024-12-05,46
249,0,SKU-003,2024-12-11,2024-12-15,98
250,0,SKU-003,2024-12-21,2024-12-27,87
251,0,SKU-003,2024-12-31,2025-01-04,61
252,0,SKU-003,2025-01-10,2025-01-16,55
253,0,SKU-003,2025-01-20,2025-01-23,42
254,0,SKU-003,2025-01-30,2025-02-03,35
255,0,SKU-003,2025-02-09,2025-02-12,82
256,0,SKU-003,2025-02-19,2025-02-21,92
257,0,SKU-003,2025-03-01,2025-03-05,64
258,0,SKU-003,2025-03-11,2025-03-14,92
259,0,SKU-003,2025-03-21,2025-03-27,96
260,0,SKU-003,2025-03-31,2025-04-04,71
261,0,SKU-003,2025-04-10,2025-04-13,47
262,0,SKU-003,2025-04-20,2025-04-26,87
263,0,SKU-003,2025-04-30,2025-05-03,45
264,0,SKU-003,2025-05-10,2025-05-14,95
265,0,SKU-003,2025-05-20,2025-05-26,43
266,0,SKU-003,2025-05-30,2025-06-03,54
267,1,SKU-001,2023-01-01,2023-01-05,38
268,1,SKU-001,2023-01-11,2023-01-13,49
269,1,SKU-001,2023-01-21,2023-01-25,65
270,1,SKU-001,2023-01-31,2023-02-03,57
271,1,SKU-001,2023-02-10,2023-02-12,74
272,1,SKU-001,2023-02-20,2023-02-23,55
273,1,SKU-001,2023-03-02,2023-03-06,69
274,1,SKU-001,2023-03-12,2023-03-14,74
275,1,SKU-001,2023-03-22,2023-03-24,94
276,1,SKU-001,2023-04-01,2023-04-05,91
277,1,SKU-001,2023-04-11,2023-04-17,48
278,1,SKU-001,2023-04-21,2023-04-27,62
279,1,SKU-001,2023-05-01,2023-05-05,36
280,1,SKU-001,2023-05-11,2023-05-13,45
281,1,SKU-001,2023-05-21,2023-05-24,50
282,1,SKU-001,2023-05-31,2023-06-03,96
283,1,SKU-001,2023-06-10,2023-06-12,82
284,1,SKU-001,2023-06-20,2023-06-26,92
285,1,SKU-001,2023-06-30,2023-07-03,50
286,1,SKU-001,2023-07-10,2023-07-13,90
287,1,SKU-001,2023-07-20,2023-07-26,84
288,1,SKU-001,2023-07-30,2023-08-05,40
289,1,SKU-001,2023-08-09,2023-08-15,52
290,1,SKU-001,2023-08-19,2023-08-25,79
291,1,SKU-001,2023-08-29,2023-09-01,52
292,1,SKU-001,2023-09-08,2023-09-12,47
293,1,SKU-001,2023-09-18,2023-09-22,99
294,1,SKU-001,2023-09-28,2023-10-01,63
295,1,SKU-001,2023-10-08,2023-10-11,54
296,1,SKU-001,2023-10-18,2023-10-20,54
297,1,SKU-001,2023-10-28,2023-11-01,73
298,1,SKU-001,2023-11-07,2023-11-10,75
299,1,SKU-001,2023-11-17,2023-11-19,90
300,1,SKU-001,2023-11-27,2023-11-29,76
301,1,SKU-001,2023-12-07,2023-12-09,95
302,1,SKU-001,2023-12-17,2023-12-20,70
303,1,SKU-001,2023-12-27,2023-12-30,64
304,1,SKU-001,2024-01-06,2024-01-12,84
305,1,SKU-001,2024-01-16,2024-01-18,44
306,1,SKU-001,2024-01-26,2024-01-29,74
307,1,SKU-001,2024-02-05,2024-02-09,58
308,1,SKU-001,2024-02-15,2024-02-18,39
309,1,SKU-001,2024-02-25,2024-02-27,52
310,1,SKU-001,2024-03-06,2024-03-12,74
311,1,SKU-001,2024-03-16,2024-03-19,95
312,1,SKU-001,2024-03-26,2024-04-01,68
313,1,SKU-001,2024-04-05,2024-04-09,58
314,1,SKU-001,2024-04-15,2024-04-21,92
315,1,SKU-001,2024-04-25,2024-05-01,43
316,1,SKU-001,2024-05-05,2024-05-09,35
317,1,SKU-001,2024-05-15,2024-05-17,52
318,1,SKU-001,2024-05-25,2024-05-27,36
319,1,SKU-001,2024-06-04,2024-06-07,59
320,1,SKU-001,2024-06-14,2024-06-16,46
321,1,SKU-001,2024-06-24,2024-06-27,43
322,1,SKU-001,2024-07-04,2024-07-10,43
323,1,SKU-001,2024-07-14,2024-07-17,47
324,1,SKU-001,2024-07-24,2024-07-27,67
325,1,SKU-001,2024-08-03,2024-08-06,30
326,1,SKU-001,2024-08-13,2024-08-17,73
327,1,SKU-001,2024-08-23,2024-08-29,79
328,1,SKU-001,2024-09-02,2024-09-08,80
329,1,SKU-001,2024-09-12,2024-09-18,65
330,1,SKU-001,2024-09-22,2024-09-26,62
331,1,SKU-001,2024-10-02,2024-10-05,72
332,1,SKU-001,2024-10-12,2024-10-15,50
333,1,SKU-001,2024-10-22,2024-10-28,38
334,1,SKU-001,2024-11-01,2024-11-03,65
335,1,SKU-001,2024-11-11,2024-11-13,90
336,1,SKU-001,2024-11-21,2024-11-24,64
337,1,SKU-001,2024-12-01,2024-12-05,49
338,1,SKU-001,2024-12-11,2024-12-13,44
339,1,SKU-001,2024-12-21,2024-12-23,34
340,1,SKU-001,2024-12-31,2025-01-04,94
341,1,SKU-001,2025-01-10,2025-01-13,52
342,1,SKU-001,2025-01-20,2025-01-23,92
343,1,SKU-001,2025-01-30,2025-02-02,96
344,1,SKU-001,2025-02-09,2025-02-12,61
345,1,SKU-001,2025-02-19,2025-02-22,59
346,1,SKU-001,2025-03-01,2025-03-05,52
347,1,SKU-001,2025-03-11,2025-03-13,74
348,1,SKU-001,2025-03-21,2025-03-25,44
349,1,SKU-001,2025-03-31,2025-04-04,53
350,1,SKU-001,2025-04-10,2025-04-14,50
351,1,SKU-001,2025-04-20,2025-04-22,56
352,1,SKU-001,2025-04-30,2025-05-02,35
353,1,SKU-001,2025-05-10,2025-05-12,67
354,1,SKU-001,2025-05-20,2025-05-22,36
355,1,SKU-001,2025-05-30,2025-06-02,84
356,1,SKU-002,2023-01-01,2023-01-04,59
357,1,SKU-002,2023-01-11,2023-01-17,81
358,1,SKU-002,2023-01-21,2023-01-24,39
359,1,SKU-002,2023-01-31,2023-02-04,70
360,1,SKU-002,2023-02-10,2023-02-13,43
361,1,SKU-002,2023-02-20,2023-02-23,70
362,1,SKU-002,2023-03-02,2023-03-05,59
363,1,SKU-002,2023-03-12,2023-03-18,75
364,1,SKU-002,2023-03-22,2023-03-28,36
365,1,SKU-002,2023-04-01,2023-04-05,93
366,1,SKU-002,2023-04-11,2023-04-14,63
367,1,SKU-002,2023-04-21,2023-04-24,77
368,1,SKU-002,2023-05-01,2023-05-05,47
369,1,SKU-002,2023-05-11,2023-05-13,80
370,1,SKU-002,2023-05-21,2023-05-25,95
371,1,SKU-002,2023-05-31,2023-06-02,96
372,1,SKU-002,2023-06-10,2023-06-13,85
373,1,SKU-002,2023-06-20,2023-06-23,58
374,1,SKU-002,2023-06-30,2023-07-04,42
375,1,SKU-002,2023-07-10,2023-07-16,48
376,1,SKU-002,2023-07-20,2023-07-24,82
377,1,SKU-002,2023-07-30,2023-08-02,49
378,1,SKU-002,2023-08-09,2023-08-13,49
379,1,SKU-002,2023-08-19,2023-08-22,49
380,1,SKU-002,2023-08-29,2023-09-02,52
381,1,SKU-002,2023-09-08,2023-09-12,68
382,1,SKU-002,2023-09-18,2023-09-20,78
383,1,SKU-002,2023-09-28,2023-10-02,57
384,1,SKU-002,2023-10-08,2023-10-12,57
385,1,SKU-002,2023-10-18,2023-10-22,88
386,1,SKU-002,2023-10-28,2023-10-30,43
387,1,SKU-002,2023-11-07,2023-11-11,72
388,1,SKU-002,2023-11-17,2023-11-21,68
389,1,SKU-002,2023-11-27,2023-12-01,62
390,1,SKU-002,2023-12-07,2023-12-09,93
391,1,SKU-002,2023-12-17,2023-12-20,30
392,1,SKU-002,2023-12-27,2023-12-31,86
393,1,SKU-002,2024-01-06,2024-01-09,58
394,1,SKU-002,2024-01-16,2024-01-22,87
395,1,SKU-002,2024-01-26,2024-02-01,61
396,1,SKU-002,2024-02-05,2024-02-07,42
397,1,SKU-002,2024-02-15,2024-02-21,69
398,1,SKU-002,2024-02-25,2024-02-28,98
399,1,SKU-002,2024-03-06,2024-03-08,37
400,1,SKU-002,2024-03-16,2024-03-19,91
401,1,SKU-002,2024-03-26,2024-04-01,73
402,1,SKU-002,2024-04-05,2024-04-07,87
403,1,SKU-002,2024-04-15,2024-04-21,87
404,1,SKU-002,2024-04-25,2024-05-01,38
405,1,SKU-002,2024-05-05,2024-05-11,57
406,1,SKU-002,2024-05-15,2024-05-21,70
407,1,SKU-002,2024-05-25,2024-05-28,87
408,1,SKU-002,2024-06-04,2024-06-07,51
409,1,SKU-002,2024-06-14,2024-06-16,97
410,1,SKU-002,2024-06-24,2024-06-26,32
411,1,SKU-002,2024-07-04,2024-07-06,70
412,1,SKU-002,2024-07-14,2024-07-16,75
413,1,SKU-002,2024-07-24,2024-07-27,70
414,1,SKU-002,2024-08-03,2024-08-09,34
415,1,SKU-002,2024-08-13,2024-08-17,61
416,1,SKU-002,2024-08-23,2024-08-25,43
417,1,SKU-002,2024-09-02,2024-09-06,68
418,1,SKU-002,2024-09-12,2024-09-16,55
419,1,SKU-002,2024-09-22,2024-09-24,87
420,1,SKU-002,2024-10-02,2024-10-04,34
421,1,SKU-002,2024-10-12,2024-10-14,59
422,1,SKU-002,2024-10-22,2024-10-25,90
423,1,SKU-002,2024-11-01,2024-11-05,75
424,1,SKU-002,2024-11-11,2024-11-13,42
425,1,SKU-002,2024-11-21,2024-11-25,86
426,1,SKU-002,2024-12-01,2024-12-07,53
427,1,SKU-002,2024-12-11,2024-12-17,66
428,1,SKU-002,2024-12-21,2024-12-25,71
429,1,SKU-002,2024-12-31,2025-01-06,38
430,1,SKU-002,2025-01-10,2025-01-14,76
431,1,SKU-002,2025-01-20,2025-01-24,77
432,1,SKU-002,2025-01-30,2025-02-01,74
433,1,SKU-002,2025-02-09,2025-02-13,77
434,1,SKU-002,2025-02-19,2025-02-23,46
435,1,SKU-002,2025-03-01,2025-03-07,46
436,1,SKU-002,2025-03-11,2025-03-17,47
437,1,SKU-002,2025-03-21,2025-03-25,48
438,1,SKU-002,2025-03-31,2025-04-06,55
439,1,SKU-002,2025-04-10,2025-04-13,47
440,1,SKU-002,2025-04-20,2025-04-23,97
441,1,SKU-002,2025-04-30,2025-05-06,35
442,1,SKU-002,2025-05-10,2025-05-14,89
443,1,SKU-002,2025-05-20,2025-05-24,54
444,1,SKU-002,2025-05-30,2025-06-05,72
445,1,SKU-003,2023-01-01,2023-01-03,52
446,1,SKU-003,2023-01-11,2023-01-13,93
447,1,SKU-003,2023-01-21,2023-01-23,34
448,1,SKU-003,2023-01-31,2023-02-06,48
449,1,SKU-003,2023-02-10,2023-02-14,97
450,1,SKU-003,2023-02-20,2023-02-22,55
451,1,SKU-003,2023-03-02,2023-03-04,47
452,1,SKU-003,2023-03-12,2023-03-18,50
453,1,SKU-003,2023-03-22,2023-03-24,38
454,1,SKU-003,2023-04-01,2023-04-07,53
455,1,SKU-003,2023-04-11,2023-04-13,52
456,1,SKU-003,2023-04-21,2023-04-27,49
457,1,SKU-003,2023-05-01,2023-05-07,35
458,1,SKU-003,2023-05-11,2023-05-14,71
459,1,SKU-003,2023-05-21,2023-05-23,78
460,1,SKU-003,2023-05-31,2023-06-06,79
461,1,SKU-003,2023-06-10,2023-06-16,41
462,1,SKU-003,2023-06-20,2023-06-23,75
463,1,SKU-003,2023-06-30,2023-07-03,92
464,1,SKU-003,2023-07-10,2023-07-16,98
465,1,SKU-003,2023-07-20,2023-07-24,92
466,1,SKU-003,2023-07-30,2023-08-05,39
467,1,SKU-003,2023-08-09,2023-08-15,96
468,1,SKU-003,2023-08-19,2023-08-23,52
469,1,SKU-003,2023-08-29,2023-09-01,32
470,1,SKU-003,2023-09-08,2023-09-10,55
471,1,SKU-003,2023-09-18,2023-09-21,51
472,1,SKU-003,2023-09-28,2023-09-30,77
473,1,SKU-003,2023-10-08,2023-10-11,98
474,1,SKU-003,2023-10-18,2023-10-24,80
475,1,SKU-003,2023-10-28,2023-11-03,77
476,1,SKU-003,2023-11-07,2023-11-09,41
477,1,SKU-003,2023-11-17,2023-11-21,80
478,1,SKU-003,2023-11-27,2023-12-01,49
479,1,SKU-003,2023-12-07,2023-12-09,49
480,1,SKU-003,2023-12-17,2023-12-23,60
481,1,SKU-003,2023-12-27,2024-01-02,92
482,1,SKU-003,2024-01-06,2024-01-08,45
483,1,SKU-003,2024-01-16,2024-01-20,92
484,1,SKU-003,2024-01-26,2024-01-29,64
485,1,SKU-003,2024-02-05,2024-02-08,34
486,1,SKU-003,2024-02-15,2024-02-19,77
487,1,SKU-003,2024-02-25,2024-02-29,76
488,1,SKU-003,2024-03-06,2024-03-12,97
489,1,SKU-003,2024-03-16,2024-03-22,52
490,1,SKU-003,2024-03-26,2024-03-28,36
491,1,SKU-003,2024-04-05,2024-04-11,61
492,1,SKU-003,2024-04-15,2024-04-18,49
493,1,SKU-003,2024-04-25,2024-04-28,68
494,1,SKU-003,2024-05-05,2024-05-08,69
495,1,SKU-003,2024-05-15,2024-05-21,53
496,1,SKU-003,2024-05-25,2024-05-29,96
497,1,SKU-003,2024-06-04,2024-06-10,42
498,1,SKU-003,2024-06-14,2024-06-17,45
499,1,SKU-003,2024-06-24,2024-06-28,56
500,1,SKU-003,2024-07-04,2024-07-07,67
501,1,SKU-003,2024-07-14,2024-07-18,67
502,1,SKU-003,2024-07-24,2024-07-27,79
503,1,SKU-003,2024-08-03,2024-08-05,36
504,1,SKU-003,2024-08-13,2024-08-15,96
505,1,SKU-003,2024-08-23,2024-08-26,33
506,1,SKU-003,2024-09-02,2024-09-04,74
507,1,SKU-003,2024-09-12,2024-09-15,66
508,1,SKU-003,2024-09-22,2024-09-28,47
509,1,SKU-003,2024-10-02,2024-10-04,56
510,1,SKU-003,2024-10-12,2024-10-15,64
511,1,SKU-003,2024-10-22,2024-10-28,33
512,1,SKU-003,2024-11-01,2024-11-07,55
513,1,SKU-003,2024-11-11,2024-11-17,59
514,1,SKU-003,2024-11-21,2024-11-23,64
515,1,SKU-003,2024-12-01,2024-12-07,63
516,1,SKU-003,2024-12-11,2024-12-13,98
517,1,SKU-003,2024-12-21,2024-12-25,91
518,1,SKU-003,2024-12-31,2025-01-06,79
519,1,SKU-003,2025-01-10,2025-01-13,98
520,1,SKU-003,2025-01-20,2025-01-22,53
521,1,SKU-003,2025-01-30,2025-02-02,51
522,1,SKU-003,2025-02-09,2025-02-11,62
523,1,SKU-003,2025-02-19,2025-02-21,77
524,1,SKU-003,2025-03-01,2025-03-07,79
525,1,SKU-003,2025-03-11,2025-03-15,75
526,1,SKU-003,2025-03-21,2025-03-24,43
527,1,SKU-003,2025-03-31,2025-04-03,45
528,1,SKU-003,2025-04-10,2025-04-14,51
529,1,SKU-003,2025-04-20,2025-04-23,60
530,1,SKU-003,2025-04-30,2025-05-04,55
531,1,SKU-003,2025-05-10,2025-05-14,76
532,1,SKU-003,2025-05-20,2025-05-24,76
533,1,SKU-003,2025-05-30,2025-06-02,52
534,2,SKU-001,2023-01-01,2023-01-03,82
535,2,SKU-001,2023-01-11,2023-01-13,55
536,2,SKU-001,2023-01-21,2023-01-22,32
537,2,SKU-001,2023-01-31,2023-02-03,75
538,2,SKU-001,2023-02-10,2023-02-11,85
539,2,SKU-001,2023-02-20,2023-02-22,77
540,2,SKU-001,2023-03-02,2023-03-03,43
541,2,SKU-001,2023-03-12,2023-03-15,60
542,2,SKU-001,2023-03-22,2023-03-25,85
543,2,SKU-001,2023-04-01,2023-04-02,35
544,2,SKU-001,2023-04-11,2023-04-14,96
545,2,SKU-001,2023-04-21,2023-04-24,32
546,2,SKU-001,2023-05-01,2023-05-02,43
547,2,SKU-001,2023-05-11,2023-05-13,72
548,2,SKU-001,2023-05-21,2023-05-24,63
549,2,SKU-001,2023-05-31,2023-06-02,72
550,2,SKU-001,2023-06-10,2023-06-13,61
551,2,SKU-001,2023-06-20,2023-06-21,88
552,2,SKU-001,2023-06-30,2023-07-01,97
553,2,SKU-001,2023-07-10,2023-07-13,83
554,2,SKU-001,2023-07-20,2023-07-21,71
555,2,SKU-001,2023-07-30,2023-08-02,56
556,2,SKU-001,2023-08-09,2023-08-10,74
557,2,SKU-001,2023-08-19,2023-08-22,85
558,2,SKU-001,2023-08-29,2023-08-30,85
559,2,SKU-001,2023-09-08,2023-09-11,30
560,2,SKU-001,2023-09-18,2023-09-20,78
561,2,SKU-001,2023-09-28,2023-09-30,44
562,2,SKU-001,2023-10-08,2023-10-11,67
563,2,SKU-001,2023-10-18,2023-10-21,82
564,2,SKU-001,2023-10-28,2023-10-29,97
565,2,SKU-001,2023-11-07,2023-11-08,32
566,2,SKU-001,2023-11-17,2023-11-18,52
567,2,SKU-001,2023-11-27,2023-11-28,34
568,2,SKU-001,2023-12-07,2023-12-10,83
569,2,SKU-001,2023-12-17,2023-12-18,42
570,2,SKU-001,2023-12-27,2023-12-30,38
571,2,SKU-001,2024-01-06,2024-01-07,36
572,2,SKU-001,2024-01-16,2024-01-19,79
573,2,SKU-001,2024-01-26,2024-01-28,36
574,2,SKU-001,2024-02-05,2024-02-07,61
575,2,SKU-001,2024-02-15,2024-02-16,41
576,2,SKU-001,2024-02-25,2024-02-26,74
577,2,SKU-001,2024-03-06,2024-03-08,40
578,2,SKU-001,2024-03-16,2024-03-17,46
579,2,SKU-001,2024-03-26,2024-03-29,89
580,2,SKU-001,2024-04-05,2024-04-06,31
581,2,SKU-001,2024-04-15,2024-04-18,32
582,2,SKU-001,2024-04-25,2024-04-26,81
583,2,SKU-001,2024-05-05,2024-05-06,44
584,2,SKU-001,2024-05-15,2024-05-17,46
585,2,SKU-001,2024-05-25,2024-05-27,30
586,2,SKU-001,2024-06-04,2024-06-07,65
587,2,SKU-001,2024-06-14,2024-06-16,57
588,2,SKU-001,2024-06-24,2024-06-26,88
589,2,SKU-001,2024-07-04,2024-07-07,37
590,2,SKU-001,2024-07-14,2024-07-15,99
591,2,SKU-001,2024-07-24,2024-07-27,33
592,2,SKU-001,2024-08-03,2024-08-06,45
593,2,SKU-001,2024-08-13,2024-08-14,39
594,2,SKU-001,2024-08-23,2024-08-24,84
595,2,SKU-001,2024-09-02,2024-09-03,49
596,2,SKU-001,2024-09-12,2024-09-14,31
597,2,SKU-001,2024-09-22,2024-09-23,67
598,2,SKU-001,2024-10-02,2024-10-04,46
599,2,SKU-001,2024-10-12,2024-10-13,73
600,2,SKU-001,2024-10-22,2024-10-23,61
601,2,SKU-001,2024-11-01,2024-11-04,36
602,2,SKU-001,2024-11-11,2024-11-14,93
603,2,SKU-001,2024-11-21,2024-11-24,45
604,2,SKU-001,2024-12-01,2024-12-02,30
605,2,SKU-001,2024-12-11,2024-12-12,70
606,2,SKU-001,2024-12-21,2024-12-24,87
607,2,SKU-001,2024-12-31,2025-01-01,64
608,2,SKU-001,2025-01-10,2025-01-11,89
609,2,SKU-001,2025-01-20,2025-01-23,35
610,2,SKU-001,2025-01-30,2025-02-02,49
611,2,SKU-001,2025-02-09,2025-02-12,74
612,2,SKU-001,2025-02-19,2025-02-21,84
613,2,SKU-001,2025-03-01,2025-03-02,35
614,2,SKU-001,2025-03-11,2025-03-14,72
615,2,SKU-001,2025-03-21,2025-03-23,83
616,2,SKU-001,2025-03-31,2025-04-02,38
617,2,SKU-001,2025-04-10,2025-04-11,40
618,2,SKU-001,2025-04-20,2025-04-21,65
619,2,SKU-001,2025-04-30,2025-05-02,60
620,2,SKU-001,2025-05-10,2025-05-11,59
621,2,SKU-001,2025-05-20,2025-05-22,90
622,2,SKU-001,2025-05-30,2025-05-31,34
623,2,SKU-002,2023-01-01,2023-01-03,81
624,2,SKU-002,2023-01-11,2023-01-12,87
625,2,SKU-002,2023-01-21,2023-01-22,56
626,2,SKU-002,2023-01-31,2023-02-03,78
627,2,SKU-002,2023-02-10,2023-02-13,71
628,2,SKU-002,2023-02-20,2023-02-21,48
629,2,SKU-002,2023-03-02,2023-03-03,65
630,2,SKU-002,2023-03-12,2023-03-13,34
631,2,SKU-002,2023-03-22,2023-03-23,86
632,2,SKU-002,2023-04-01,2023-04-03,33
633,2,SKU-002,2023-04-11,2023-04-12,50
634,2,SKU-002,2023-04-21,2023-04-22,58
635,2,SKU-002,2023-05-01,2023-05-02,64
636,2,SKU-002,2023-05-11,2023-05-13,67
637,2,SKU-002,2023-05-21,2023-05-22,72
638,2,SKU-002,2023-05-31,2023-06-01,94
639,2,SKU-002,2023-06-10,2023-06-12,63
640,2,SKU-002,2023-06-20,2023-06-21,75
641,2,SKU-002,2023-06-30,2023-07-01,36
642,2,SKU-002,2023-07-10,2023-07-12,88
643,2,SKU-002,2023-07-20,2023-07-23,53
644,2,SKU-002,2023-07-30,2023-08-01,71
645,2,SKU-002,2023-08-09,2023-08-10,98
646,2,SKU-002,2023-08-19,2023-08-20,83
647,2,SKU-002,2023-08-29,2023-09-01,58
648,2,SKU-002,2023-09-08,2023-09-10,61
649,2,SKU-002,2023-09-18,2023-09-19,40
650,2,SKU-002,2023-09-28,2023-09-29,74
651,2,SKU-002,2023-10-08,2023-10-11,68
652,2,SKU-002,2023-10-18,2023-10-20,71
653,2,SKU-002,2023-10-28,2023-10-30,48
654,2,SKU-002,2023-11-07,2023-11-08,79
655,2,SKU-002,2023-11-17,2023-11-19,50
656,2,SKU-002,2023-11-27,2023-11-28,61
657,2,SKU-002,2023-12-07,2023-12-09,40
658,2,SKU-002,2023-12-17,2023-12-20,80
659,2,SKU-002,2023-12-27,2023-12-29,42
660,2,SKU-002,2024-01-06,2024-01-09,71
661,2,SKU-002,2024-01-16,2024-01-18,87
662,2,SKU-002,2024-01-26,2024-01-28,71
663,2,SKU-002,2024-02-05,2024-02-06,72
664,2,SKU-002,2024-02-15,2024-02-18,91
665,2,SKU-002,2024-02-25,2024-02-26,99
666,2,SKU-002,2024-03-06,2024-03-07,43
667,2,SKU-002,2024-03-16,2024-03-18,63
668,2,SKU-002,2024-03-26,2024-03-27,55
669,2,SKU-002,2024-04-05,2024-04-08,34
670,2,SKU-002,2024-04-15,2024-04-16,55
671,2,SKU-002,2024-04-25,2024-04-27,78
672,2,SKU-002,2024-05-05,2024-05-08,89
673,2,SKU-002,2024-05-15,2024-05-18,87
674,2,SKU-002,2024-05-25,2024-05-27,31
675,2,SKU-002,2024-06-04,2024-06-07,57
676,2,SKU-002,2024-06-14,2024-06-15,96
677,2,SKU-002,2024-06-24,2024-06-26,68
678,2,SKU-002,2024-07-04,2024-07-05,98
679,2,SKU-002,2024-07-14,2024-07-15,54
680,2,SKU-002,2024-07-24,2024-07-27,57
681,2,SKU-002,2024-08-03,2024-08-06,61
682,2,SKU-002,2024-08-13,2024-08-15,89
683,2,SKU-002,2024-08-23,2024-08-26,50
684,2,SKU-002,2024-09-02,2024-09-03,60
685,2,SKU-002,2024-09-12,2024-09-13,84
686,2,SKU-002,2024-09-22,2024-09-25,53
687,2,SKU-002,2024-10-02,2024-10-03,58
688,2,SKU-002,2024-10-12,2024-10-13,91
689,2,SKU-002,2024-10-22,2024-10-25,54
690,2,SKU-002,2024-11-01,2024-11-02,68
691,2,SKU-002,2024-11-11,2024-11-13,34
692,2,SKU-002,2024-11-21,2024-11-22,96
693,2,SKU-002,2024-12-01,2024-12-02,76
694,2,SKU-002,2024-12-11,2024-12-12,97
695,2,SKU-002,2024-12-21,2024-12-23,86
696,2,SKU-002,2024-12-31,2025-01-03,83
697,2,SKU-002,2025-01-10,2025-01-11,39
698,2,SKU-002,2025-01-20,2025-01-21,64
699,2,SKU-002,2025-01-30,2025-01-31,31
700,2,SKU-002,2025-02-09,2025-02-10,69
701,2,SKU-002,2025-02-19,2025-02-20,96
702,2,SKU-002,2025-03-01,2025-03-02,57
703,2,SKU-002,2025-03-11,2025-03-12,54
704,2,SKU-002,2025-03-21,2025-03-23,50
705,2,SKU-002,2025-03-31,2025-04-02,70
706,2,SKU-002,2025-04-10,2025-04-13,93
707,2,SKU-002,2025-04-20,2025-04-21,71
708,2,SKU-002,2025-04-30,2025-05-01,82
709,2,SKU-002,2025-05-10,2025-05-11,55
710,2,SKU-002,2025-05-20,2025-05-23,55
711,2,SKU-002,2025-05-30,2025-05-31,46
712,2,SKU-003,2023-01-01,2023-01-03,36
713,2,SKU-003,2023-01-11,2023-01-14,88
714,2,SKU-003,2023-01-21,2023-01-22,80
715,2,SKU-003,2023-01-31,2023-02-01,39
716,2,SKU-003,2023-02-10,2023-02-12,67
717,2,SKU-003,2023-02-20,2023-02-23,73
718,2,SKU-003,2023-03-02,2023-03-03,90
719,2,SKU-003,2023-03-12,2023-03-13,39
720,2,SKU-003,2023-03-22,2023-03-23,37
721,2,SKU-003,2023-04-01,2023-04-02,48
722,2,SKU-003,2023-04-11,2023-04-14,46
723,2,SKU-003,2023-04-21,2023-04-23,40
724,2,SKU-003,2023-05-01,2023-05-02,91
725,2,SKU-003,2023-05-11,2023-05-12,99
726,2,SKU-003,2023-05-21,2023-05-22,75
727,2,SKU-003,2023-05-31,2023-06-01,83
728,2,SKU-003,2023-06-10,2023-06-13,66
729,2,SKU-003,2023-06-20,2023-06-22,73
730,2,SKU-003,2023-06-30,2023-07-02,89
731,2,SKU-003,2023-07-10,2023-07-13,92
732,2,SKU-003,2023-07-20,2023-07-21,52
733,2,SKU-003,2023-07-30,2023-07-31,85
734,2,SKU-003,2023-08-09,2023-08-10,31
735,2,SKU-003,2023-08-19,2023-08-22,38
736,2,SKU-003,2023-08-29,2023-09-01,50
737,2,SKU-003,2023-09-08,2023-09-10,64
738,2,SKU-003,2023-09-18,2023-09-19,46
739,2,SKU-003,2023-09-28,2023-09-29,90
740,2,SKU-003,2023-10-08,2023-10-09,67
741,2,SKU-003,2023-10-18,2023-10-21,58
742,2,SKU-003,2023-10-28,2023-10-31,85
743,2,SKU-003,2023-11-07,2023-11-09,79
744,2,SKU-003,2023-11-17,2023-11-20,82
745,2,SKU-003,2023-11-27,2023-11-28,52
746,2,SKU-003,2023-12-07,2023-12-10,51
747,2,SKU-003,2023-12-17,2023-12-19,51
748,2,SKU-003,2023-12-27,2023-12-28,85
749,2,SKU-003,2024-01-06,2024-01-08,56
750,2,SKU-003,2024-01-16,2024-01-18,38
751,2,SKU-003,2024-01-26,2024-01-27,65
752,2,SKU-003,2024-02-05,2024-02-08,44
753,2,SKU-003,2024-02-15,2024-02-16,70
754,2,SKU-003,2024-02-25,2024-02-26,66
755,2,SKU-003,2024-03-06,2024-03-08,48
756,2,SKU-003,2024-03-16,2024-03-17,94
757,2,SKU-003,2024-03-26,2024-03-28,60
758,2,SKU-003,2024-04-05,2024-04-06,67
759,2,SKU-003,2024-04-15,2024-04-18,79
760,2,SKU-003,2024-04-25,2024-04-27,74
761,2,SKU-003,2024-05-05,2024-05-06,32
762,2,SKU-003,2024-05-15,2024-05-17,64
763,2,SKU-003,2024-05-25,2024-05-28,93
764,2,SKU-003,2024-06-04,2024-06-07,92
765,2,SKU-003,2024-06-14,2024-06-16,39
766,2,SKU-003,2024-06-24,2024-06-26,50
767,2,SKU-003,2024-07-04,2024-07-07,49
768,2,SKU-003,2024-07-14,2024-07-17,94
769,2,SKU-003,2024-07-24,2024-07-25,97
770,2,SKU-003,2024-08-03,2024-08-04,60
771,2,SKU-003,2024-08-13,2024-08-16,78
772,2,SKU-003,2024-08-23,2024-08-24,41
773,2,SKU-003,2024-09-02,2024-09-04,76
774,2,SKU-003,2024-09-12,2024-09-14,33
775,2,SKU-003,2024-09-22,2024-09-23,35
776,2,SKU-003,2024-10-02,2024-10-05,57
777,2,SKU-003,2024-10-12,2024-10-13,89
778,2,SKU-003,2024-10-22,2024-10-25,30
779,2,SKU-003,2024-11-01,2024-11-04,53
780,2,SKU-003,2024-11-11,2024-11-14,74
781,2,SKU-003,2024-11-21,2024-11-22,51
782,2,SKU-003,2024-12-01,2024-12-02,30
783,2,SKU-003,2024-12-11,2024-12-12,67
784,2,SKU-003,2024-12-21,2024-12-23,38
785,2,SKU-003,2024-12-31,2025-01-02,52
786,2,SKU-003,2025-01-10,2025-01-12,92
787,2,SKU-003,2025-01-20,2025-01-21,71
788,2,SKU-003,2025-01-30,2025-02-02,81
789,2,SKU-003,2025-02-09,2025-02-10,41
790,2,SKU-003,2025-02-19,2025-02-20,82
791,2,SKU-003,2025-03-01,2025-03-02,41
792,2,SKU-003,2025-03-11,2025-03-12,91
793,2,SKU-003,2025-03-21,2025-03-22,78
794,2,SKU-003,2025-03-31,2025-04-03,76
795,2,SKU-003,2025-04-10,2025-04-11,45
796,2,SKU-003,2025-04-20,2025-04-21,60
797,2,SKU-003,2025-04-30,2025-05-03,32
798,2,SKU-003,2025-05-10,2025-05-11,54
799,2,SKU-003,2025-05-20,2025-05-22,31
800,2,SKU-003,2025-05-30,2025-06-01,30
801,3,SKU-001,2023-01-01,2023-01-02,42
802,3,SKU-001,2023-01-11,2023-01-12,77
803,3,SKU-001,2023-01-21,2023-01-24,46
804,3,SKU-001,2023-01-31,2023-02-01,93
805,3,SKU-001,2023-02-10,2023-02-13,68
806,3,SKU-001,2023-02-20,2023-02-22,61
807,3,SKU-001,2023-03-02,2023-03-05,59
808,3,SKU-001,2023-03-12,2023-03-13,61
809,3,SKU-001,2023-03-22,2023-03-25,44
810,3,SKU-001,2023-04-01,2023-04-02,59
811,3,SKU-001,2023-04-11,2023-04-12,30
812,3,SKU-001,2023-04-21,2023-04-23,59
813,3,SKU-001,2023-05-01,2023-05-03,56
814,3,SKU-001,2023-05-11,2023-05-12,32
815,3,SKU-001,2023-05-21,2023-05-23,72
816,3,SKU-001,2023-05-31,2023-06-01,85
817,3,SKU-001,2023-06-10,2023-06-11,43
818,3,SKU-001,2023-06-20,2023-06-21,62
819,3,SKU-001,2023-06-30,2023-07-01,93
820,3,SKU-001,2023-07-10,2023-07-11,92
821,3,SKU-001,2023-07-20,2023-07-21,48
822,3,SKU-001,2023-07-30,2023-07-31,45
823,3,SKU-001,2023-08-09,2023-08-11,45
824,3,SKU-001,2023-08-19,2023-08-20,71
825,3,SKU-001,2023-08-29,2023-08-31,88
826,3,SKU-001,2023-09-08,2023-09-10,47
827,3,SKU-001,2023-09-18,2023-09-21,74
828,3,SKU-001,2023-09-28,2023-10-01,79
829,3,SKU-001,2023-10-08,2023-10-09,39
830,3,SKU-001,2023-10-18,2023-10-20,36
831,3,SKU-001,2023-10-28,2023-10-31,36
832,3,SKU-001,2023-11-07,2023-11-08,61
833,3,SKU-001,2023-11-17,2023-11-20,47
834,3,SKU-001,2023-11-27,2023-11-28,54
835,3,SKU-001,2023-12-07,2023-12-08,98
836,3,SKU-001,2023-12-17,2023-12-18,52
837,3,SKU-001,2023-12-27,2023-12-29,53
838,3,SKU-001,2024-01-06,2024-01-09,81
839,3,SKU-001,2024-01-16,2024-01-17,95
840,3,SKU-001,2024-01-26,2024-01-27,75
841,3,SKU-001,2024-02-05,2024-02-06,83
842,3,SKU-001,2024-02-15,2024-02-18,45
843,3,SKU-001,2024-02-25,2024-02-26,43
844,3,SKU-001,2024-03-06,2024-03-07,99
845,3,SKU-001,2024-03-16,2024-03-18,97
846,3,SKU-001,2024-03-26,2024-03-27,54
847,3,SKU-001,2024-04-05,2024-04-08,86
848,3,SKU-001,2024-04-15,2024-04-17,49
849,3,SKU-001,2024-04-25,2024-04-26,33
850,3,SKU-001,2024-05-05,2024-05-08,78
851,3,SKU-001,2024-05-15,2024-05-17,67
852,3,SKU-001,2024-05-25,2024-05-27,33
853,3,SKU-001,2024-06-04,2024-06-05,59
854,3,SKU-001,2024-06-14,2024-06-15,71
855,3,SKU-001,2024-06-24,2024-06-25,57
856,3,SKU-001,2024-07-04,2024-07-05,33
857,3,SKU-001,2024-07-14,2024-07-17,95
858,3,SKU-001,2024-07-24,2024-07-27,94
859,3,SKU-001,2024-08-03,2024-08-05,92
860,3,SKU-001,2024-08-13,2024-08-14,78
861,3,SKU-001,2024-08-23,2024-08-24,93
862,3,SKU-001,2024-09-02,2024-09-04,89
863,3,SKU-001,2024-09-12,2024-09-13,68
864,3,SKU-001,2024-09-22,2024-09-24,65
865,3,SKU-001,2024-10-02,2024-10-03,73
866,3,SKU-001,2024-10-12,2024-10-13,49
867,3,SKU-001,2024-10-22,2024-10-25,38
868,3,SKU-001,2024-11-01,2024-11-04,95
869,3,SKU-001,2024-11-11,2024-11-13,64
870,3,SKU-001,2024-11-21,2024-11-24,36
871,3,SKU-001,2024-12-01,2024-12-04,96
872,3,SKU-001,2024-12-11,2024-12-12,86
873,3,SKU-001,2024-12-21,2024-12-22,75
874,3,SKU-001,2024-12-31,2025-01-03,99
875,3,SKU-001,2025-01-10,2025-01-11,87
876,3,SKU-001,2025-01-20,2025-01-21,35
877,3,SKU-001,2025-01-30,2025-02-01,80
878,3,SKU-001,2025-02-09,2025-02-10,38
879,3,SKU-001,2025-02-19,2025-02-20,84
880,3,SKU-001,2025-03-01,2025-03-02,48
881,3,SKU-001,2025-03-11,2025-03-12,54
882,3,SKU-001,2025-03-21,2025-03-22,88
883,3,SKU-001,2025-03-31,2025-04-01,39
884,3,SKU-001,2025-04-10,2025-04-12,96
885,3,SKU-001,2025-04-20,2025-04-21,38
886,3,SKU-001,2025-04-30,2025-05-03,31
887,3,SKU-001,2025-05-10,2025-05-12,31
888,3,SKU-001,2025-05-20,2025-05-21,86
889,3,SKU-001,2025-05-30,2025-05-31,63
890,3,SKU-002,2023-01-01,2023-01-03,65
891,3,SKU-002,2023-01-11,2023-01-13,88
892,3,SKU-002,2023-01-21,2023-01-23,65
893,3,SKU-002,2023-01-31,2023-02-03,96
894,3,SKU-002,2023-02-10,2023-02-11,30
895,3,SKU-002,2023-02-20,2023-02-21,41
896,3,SKU-002,2023-03-02,2023-03-03,85
897,3,SKU-002,2023-03-12,2023-03-13,94
898,3,SKU-002,2023-03-22,2023-03-23,79
899,3,SKU-002,2023-04-01,2023-04-02,50
900,3,SKU-002,2023-04-11,2023-04-14,88
901,3,SKU-002,2023-04-21,2023-04-22,45
902,3,SKU-002,2023-05-01,2023-05-03,60
903,3,SKU-002,2023-05-11,2023-05-13,84
904,3,SKU-002,2023-05-21,2023-05-23,58
905,3,SKU-002,2023-05-31,2023-06-02,87
906,3,SKU-002,2023-06-10,2023-06-11,72
907,3,SKU-002,2023-06-20,2023-06-21,90
908,3,SKU-002,2023-06-30,2023-07-01,46
909,3,SKU-002,2023-07-10,2023-07-13,74
910,3,SKU-002,2023-07-20,2023-07-21,76
911,3,SKU-002,2023-07-30,2023-07-31,59
912,3,SKU-002,2023-08-09,2023-08-12,60
913,3,SKU-002,2023-08-19,2023-08-22,94
914,3,SKU-002,2023-08-29,2023-08-31,45
915,3,SKU-002,2023-09-08,2023-09-10,36
916,3,SKU-002,2023-09-18,2023-09-20,66
917,3,SKU-002,2023-09-28,2023-10-01,91
918,3,SKU-002,2023-10-08,2023-10-09,98
919,3,SKU-002,2023-10-18,2023-10-20,92
920,3,SKU-002,2023-10-28,2023-10-31,83
921,3,SKU-002,2023-11-07,2023-11-09,37
922,3,SKU-002,2023-11-17,2023-11-18,73
923,3,SKU-002,2023-11-27,2023-11-30,75
924,3,SKU-002,2023-12-07,2023-12-09,64
925,3,SKU-002,2023-12-17,2023-12-18,88
926,3,SKU-002,2023-12-27,2023-12-29,98
927,3,SKU-002,2024-01-06,2024-01-09,98
928,3,SKU-002,2024-01-16,2024-01-17,31
929,3,SKU-002,2024-01-26,2024-01-29,32
930,3,SKU-002,2024-02-05,2024-02-07,33
931,3,SKU-002,2024-02-15,2024-02-18,51
932,3,SKU-002,2024-02-25,2024-02-28,82
933,3,SKU-002,2024-03-06,2024-03-07,70
934,3,SKU-002,2024-03-16,2024-03-17,64
935,3,SKU-002,2024-03-26,2024-03-28,81
936,3,SKU-002,2024-04-05,2024-04-07,47
937,3,SKU-002,2024-04-15,2024-04-17,99
938,3,SKU-002,2024-04-25,2024-04-27,47
939,3,SKU-002,2024-05-05,2024-05-08,56
940,3,SKU-002,2024-05-15,2024-05-18,89
941,3,SKU-002,2024-05-25,2024-05-26,85
942,3,SKU-002,2024-06-04,2024-06-07,40
943,3,SKU-002,2024-06-14,2024-06-15,34
944,3,SKU-002,2024-06-24,2024-06-25,75
945,3,SKU-002,2024-07-04,2024-07-07,78
946,3,SKU-002,2024-07-14,2024-07-16,92
947,3,SKU-002,2024-07-24,2024-07-25,32
948,3,SKU-002,2024-08-03,2024-08-04,90
949,3,SKU-002,2024-08-13,2024-08-14,53
950,3,SKU-002,2024-08-23,2024-08-24,55
951,3,SKU-002,2024-09-02,2024-09-05,75
952,3,SKU-002,2024-09-12,2024-09-14,90
953,3,SKU-002,2024-09-22,2024-09-24,58
954,3,SKU-002,2024-10-02,2024-10-03,30
955,3,SKU-002,2024-10-12,2024-10-13,75
956,3,SKU-002,2024-10-22,2024-10-23,68
957,3,SKU-002,2024-11-01,2024-11-02,98
958,3,SKU-002,2024-11-11,2024-11-14,66
959,3,SKU-002,2024-11-21,2024-11-22,74
960,3,SKU-002,2024-12-01,2024-12-04,91
961,3,SKU-002,2024-12-11,2024-12-12,48
962,3,SKU-002,2024-12-21,2024-12-23,30
963,3,SKU-002,2024-12-31,2025-01-01,82
964,3,SKU-002,2025-01-10,2025-01-12,77
965,3,SKU-002,2025-01-20,2025-01-22,91
966,3,SKU-002,2025-01-30,2025-02-01,46
967,3,SKU-002,2025-02-09,2025-02-12,60
968,3,SKU-002,2025-02-19,2025-02-20,33
969,3,SKU-002,2025-03-01,2025-03-03,79
970,3,SKU-002,2025-03-11,2025-03-12,43
971,3,SKU-002,2025-03-21,2025-03-22,68
972,3,SKU-002,2025-03-31,2025-04-01,65
973,3,SKU-002,2025-04-10,2025-04-11,58
974,3,SKU-002,2025-04-20,2025-04-21,33
975,3,SKU-002,2025-04-30,2025-05-01,72
976,3,SKU-002,2025-05-10,2025-05-11,65
977,3,SKU-002,2025-05-20,2025-05-21,46
978,3,SKU-002,2025-05-30,2025-05-31,76
979,3,SKU-003,2023-01-01,2023-01-02,98
980,3,SKU-003,2023-01-11,2023-01-14,95
981,3,SKU-003,2023-01-21,2023-01-22,92
982,3,SKU-003,2023-01-31,2023-02-01,82
983,3,SKU-003,2023-02-10,2023-02-12,86
984,3,SKU-003,2023-02-20,2023-02-21,79
985,3,SKU-003,2023-03-02,2023-03-03,58
986,3,SKU-003,2023-03-12,2023-03-15,43
987,3,SKU-003,2023-03-22,2023-03-24,82
988,3,SKU-003,2023-04-01,2023-04-02,73
989,3,SKU-003,2023-04-11,2023-04-13,86
990,3,SKU-003,2023-04-21,2023-04-23,96
991,3,SKU-003,2023-05-01,2023-05-03,57
992,3,SKU-003,2023-05-11,2023-05-13,93
993,3,SKU-003,2023-05-21,2023-05-22,34
994,3,SKU-003,2023-05-31,2023-06-01,47
995,3,SKU-003,2023-06-10,2023-06-12,62
996,3,SKU-003,2023-06-20,2023-06-22,95
997,3,SKU-003,2023-06-30,2023-07-01,98
998,3,SKU-003,2023-07-10,2023-07-11,65
999,3,SKU-003,2023-07-20,2023-07-21,70
1000,3,SKU-003,2023-07-30,2023-07-31,61
1001,3,SKU-003,2023-08-09,2023-08-10,92
1002,3,SKU-003,2023-08-19,2023-08-21,89
1003,3,SKU-003,2023-08-29,2023-09-01,47
1004,3,SKU-003,2023-09-08,2023-09-09,34
1005,3,SKU-003,2023-09-18,2023-09-21,35
1006,3,SKU-003,2023-09-28,2023-09-29,93
1007,3,SKU-003,2023-10-08,2023-10-09,80
1008,3,SKU-003,2023-10-18,2023-10-20,42
1009,3,SKU-003,2023-10-28,2023-10-30,79
1010,3,SKU-003,2023-11-07,2023-11-08,58
1011,3,SKU-003,2023-11-17,2023-11-18,70
1012,3,SKU-003,2023-11-27,2023-11-28,71
1013,3,SKU-003,2023-12-07,2023-12-09,77
1014,3,SKU-003,2023-12-17,2023-12-18,49
1015,3,SKU-003,2023-12-27,2023-12-30,94
1016,3,SKU-003,2024-01-06,2024-01-07,91
1017,3,SKU-003,2024-01-16,2024-01-17,30
1018,3,SKU-003,2024-01-26,2024-01-27,78
1019,3,SKU-003,2024-02-05,2024-02-08,67
1020,3,SKU-003,2024-02-15,2024-02-16,65
1021,3,SKU-003,2024-02-25,2024-02-26,37
1022,3,SKU-003,2024-03-06,2024-03-07,67
1023,3,SKU-003,2024-03-16,2024-03-19,81
1024,3,SKU-003,2024-03-26,2024-03-27,31
1025,3,SKU-003,2024-04-05,2024-04-08,59
1026,3,SKU-003,2024-04-15,2024-04-16,73
1027,3,SKU-003,2024-04-25,2024-04-26,40
1028,3,SKU-003,2024-05-05,2024-05-07,99
1029,3,SKU-003,2024-05-15,2024-05-16,78
1030,3,SKU-003,2024-05-25,2024-05-26,77
1031,3,SKU-003,2024-06-04,2024-06-06,61
1032,3,SKU-003,2024-06-14,2024-06-15,35
1033,3,SKU-003,2024-06-24,2024-06-27,93
1034,3,SKU-003,2024-07-04,2024-07-05,33
1035,3,SKU-003,2024-07-14,2024-07-16,84
1036,3,SKU-003,2024-07-24,2024-07-26,41
1037,3,SKU-003,2024-08-03,2024-08-05,80
1038,3,SKU-003,2024-08-13,2024-08-15,64
1039,3,SKU-003,2024-08-23,2024-08-25,61
1040,3,SKU-003,2024-09-02,2024-09-05,99
1041,3,SKU-003,2024-09-12,2024-09-14,99
1042,3,SKU-003,2024-09-22,2024-09-25,33
1043,3,SKU-003,2024-10-02,2024-10-03,92
1044,3,SKU-003,2024-10-12,2024-10-13,30
1045,3,SKU-003,2024-10-22,2024-10-23,72
1046,3,SKU-003,2024-11-01,2024-11-04,87
1047,3,SKU-003,2024-11-11,2024-11-14,52
1048,3,SKU-003,2024-11-21,2024-11-24,79
1049,3,SKU-003,2024-12-01,2024-12-02,72
1050,3,SKU-003,2024-12-11,2024-12-12,62
1051,3,SKU-003,2024-12-21,2024-12-22,89
1052,3,SKU-003,2024-12-31,2025-01-01,77
1053,3,SKU-003,2025-01-10,2025-01-12,85
1054,3,SKU-003,2025-01-20,2025-01-21,35
1055,3,SKU-003,2025-01-30,2025-02-01,44
1056,3,SKU-003,2025-02-09,2025-02-11,71
1057,3,SKU-003,2025-02-19,2025-02-20,87
1058,3,SKU-003,2025-03-01,2025-03-02,83
1059,3,SKU-003,2025-03-11,2025-03-13,62
1060,3,SKU-003,2025-03-21,2025-03-23,87
1061,3,SKU-003,2025-03-31,2025-04-01,92
1062,3,SKU-003,2025-04-10,2025-04-13,71
1063,3,SKU-003,2025-04-20,2025-04-21,40
1064,3,SKU-003,2025-04-30,2025-05-01,72
1065,3,SKU-003,2025-05-10,2025-05-11,51
1066,3,SKU-003,2025-05-20,2025-05-21,55
1067,3,SKU-003,2025-05-30,2025-05-31,92
1068,4,SKU-001,2023-01-01,2023-01-02,98
1069,4,SKU-001,2023-01-11,2023-01-13,79
1070,4,SKU-001,2023-01-21,2023-01-23,51
1071,4,SKU-001,2023-01-31,2023-02-02,49
1072,4,SKU-001,2023-02-10,2023-02-11,32
1073,4,SKU-001,2023-02-20,2023-02-23,34
1074,4,SKU-001,2023-03-02,2023-03-03,35
1075,4,SKU-001,2023-03-12,2023-03-15,77
1076,4,SKU-001,2023-03-22,2023-03-24,43
1077,4,SKU-001,2023-04-01,2023-04-04,35
1078,4,SKU-001,2023-04-11,2023-04-12,99
1079,4,SKU-001,2023-04-21,2023-04-22,79
1080,4,SKU-001,2023-05-01,2023-05-02,72
1081,4,SKU-001,2023-05-11,2023-05-13,68
1082,4,SKU-001,2023-05-21,2023-05-23,97
1083,4,SKU-001,2023-05-31,2023-06-02,73
1084,4,SKU-001,2023-06-10,2023-06-11,32
1085,4,SKU-001,2023-06-20,2023-06-21,71
1086,4,SKU-001,2023-06-30,2023-07-02,60
1087,4,SKU-001,2023-07-10,2023-07-12,99
1088,4,SKU-001,2023-07-20,2023-07-21,63
1089,4,SKU-001,2023-07-30,2023-07-31,84
1090,4,SKU-001,2023-08-09,2023-08-10,87
1091,4,SKU-001,2023-08-19,2023-08-22,33
1092,4,SKU-001,2023-08-29,2023-09-01,97
1093,4,SKU-001,2023-09-08,2023-09-09,66
1094,4,SKU-001,2023-09-18,2023-09-21,88
1095,4,SKU-001,2023-09-28,2023-09-29,74
1096,4,SKU-001,2023-10-08,2023-10-09,61
1097,4,SKU-001,2023-10-18,2023-10-21,49
1098,4,SKU-001,2023-10-28,2023-10-30,43
1099,4,SKU-001,2023-11-07,2023-11-10,79
1100,4,SKU-001,2023-11-17,2023-11-18,35
1101,4,SKU-001,2023-11-27,2023-11-30,47
1102,4,SKU-001,2023-12-07,2023-12-10,66
1103,4,SKU-001,2023-12-17,2023-12-20,45
1104,4,SKU-001,2023-12-27,2023-12-28,68
1105,4,SKU-001,2024-01-06,2024-01-09,55
1106,4,SKU-001,2024-01-16,2024-01-18,48
1107,4,SKU-001,2024-01-26,2024-01-28,80
1108,4,SKU-001,2024-02-05,2024-02-06,46
1109,4,SKU-001,2024-02-15,2024-02-17,43
1110,4,SKU-001,2024-02-25,2024-02-26,41
1111,4,SKU-001,2024-03-06,2024-03-08,44
1112,4,SKU-001,2024-03-16,2024-03-19,30
1113,4,SKU-001,2024-03-26,2024-03-27,80
1114,4,SKU-001,2024-04-05,2024-04-06,69
1115,4,SKU-001,2024-04-15,2024-04-16,33
1116,4,SKU-001,2024-04-25,2024-04-26,63
1117,4,SKU-001,2024-05-05,2024-05-07,88
1118,4,SKU-001,2024-05-15,2024-05-16,63
1119,4,SKU-001,2024-05-25,2024-05-26,99
1120,4,SKU-001,2024-06-04,2024-06-07,37
1121,4,SKU-001,2024-06-14,2024-06-16,72
1122,4,SKU-001,2024-06-24,2024-06-25,66
1123,4,SKU-001,2024-07-04,2024-07-06,71
1124,4,SKU-001,2024-07-14,2024-07-16,66
1125,4,SKU-001,2024-07-24,2024-07-27,69
1126,4,SKU-001,2024-08-03,2024-08-05,93
1127,4,SKU-001,2024-08-13,2024-08-15,55
1128,4,SKU-001,2024-08-23,2024-08-25,76
1129,4,SKU-001,2024-09-02,2024-09-05,45
1130,4,SKU-001,2024-09-12,2024-09-13,54
1131,4,SKU-001,2024-09-22,2024-09-25,67
1132,4,SKU-001,2024-10-02,2024-10-03,79
1133,4,SKU-001,2024-10-12,2024-10-14,93
1134,4,SKU-001,2024-10-22,2024-10-23,79
1135,4,SKU-001,2024-11-01,2024-11-04,78
1136,4,SKU-001,2024-11-11,2024-11-14,59
1137,4,SKU-001,2024-11-21,2024-11-22,46
1138,4,SKU-001,2024-12-01,2024-12-02,79
1139,4,SKU-001,2024-12-11,2024-12-13,56
1140,4,SKU-001,2024-12-21,2024-12-22,91
1141,4,SKU-001,2024-12-31,2025-01-01,90
1142,4,SKU-001,2025-01-10,2025-01-11,35
1143,4,SKU-001,2025-01-20,2025-01-21,32
1144,4,SKU-001,2025-01-30,2025-01-31,62
1145,4,SKU-001,2025-02-09,2025-02-10,45
1146,4,SKU-001,2025-02-19,2025-02-20,46
1147,4,SKU-001,2025-03-01,2025-03-03,58
1148,4,SKU-001,2025-03-11,2025-03-13,84
1149,4,SKU-001,2025-03-21,2025-03-24,41
1150,4,SKU-001,2025-03-31,2025-04-02,96
1151,4,SKU-001,2025-04-10,2025-04-11,72
1152,4,SKU-001,2025-04-20,2025-04-23,83
1153,4,SKU-001,2025-04-30,2025-05-01,41
1154,4,SKU-001,2025-05-10,2025-05-12,40
1155,4,SKU-001,2025-05-20,2025-05-21,52
1156,4,SKU-001,2025-05-30,2025-05-31,92
1157,4,SKU-002,2023-01-01,2023-01-04,88
1158,4,SKU-002,2023-01-11,2023-01-12,48
1159,4,SKU-002,2023-01-21,2023-01-22,59
1160,4,SKU-002,2023-01-31,2023-02-01,64
1161,4,SKU-002,2023-02-10,2023-02-12,52
1162,4,SKU-002,2023-02-20,2023-02-23,96
1163,4,SKU-002,2023-03-02,2023-03-04,77
1164,4,SKU-002,2023-03-12,2023-03-14,60
1165,4,SKU-002,2023-03-22,2023-03-23,30
1166,4,SKU-002,2023-04-01,2023-04-02,34
1167,4,SKU-002,2023-04-11,2023-04-12,68
1168,4,SKU-002,2023-04-21,2023-04-22,82
1169,4,SKU-002,2023-05-01,2023-05-03,73
1170,4,SKU-002,2023-05-11,2023-05-12,86
1171,4,SKU-002,2023-05-21,2023-05-23,84
1172,4,SKU-002,2023-05-31,2023-06-01,86
1173,4,SKU-002,2023-06-10,2023-06-12,72
1174,4,SKU-002,2023-06-20,2023-06-21,90
1175,4,SKU-002,2023-06-30,2023-07-01,53
1176,4,SKU-002,2023-07-10,2023-07-11,40
1177,4,SKU-002,2023-07-20,2023-07-23,86
1178,4,SKU-002,2023-07-30,2023-08-01,50
1179,4,SKU-002,2023-08-09,2023-08-12,46
1180,4,SKU-002,2023-08-19,2023-08-20,68
1181,4,SKU-002,2023-08-29,2023-08-31,69
1182,4,SKU-002,2023-09-08,2023-09-09,35
1183,4,SKU-002,2023-09-18,2023-09-19,73
1184,4,SKU-002,2023-09-28,2023-09-29,45
1185,4,SKU-002,2023-10-08,2023-10-09,39
1186,4,SKU-002,2023-10-18,2023-10-21,97
1187,4,SKU-002,2023-10-28,2023-10-30,50
1188,4,SKU-002,2023-11-07,2023-11-10,58
1189,4,SKU-002,2023-11-17,2023-11-19,40
1190,4,SKU-002,2023-11-27,2023-11-28,96
1191,4,SKU-002,2023-12-07,2023-12-09,31
1192,4,SKU-002,2023-12-17,2023-12-18,30
1193,4,SKU-002,2023-12-27,2023-12-28,58
1194,4,SKU-002,2024-01-06,2024-01-08,38
1195,4,SKU-002,2024-01-16,2024-01-17,43
1196,4,SKU-002,2024-01-26,2024-01-29,50
1197,4,SKU-002,2024-02-05,2024-02-07,62
1198,4,SKU-002,2024-02-15,2024-02-16,92
1199,4,SKU-002,2024-02-25,2024-02-27,59
1200,4,SKU-002,2024-03-06,2024-03-07,85
1201,4,SKU-002,2024-03-16,2024-03-18,97
1202,4,SKU-002,2024-03-26,2024-03-29,89
1203,4,SKU-002,2024-04-05,2024-04-08,89
1204,4,SKU-002,2024-04-15,2024-04-18,85
1205,4,SKU-002,2024-04-25,2024-04-27,38
1206,4,SKU-002,2024-05-05,2024-05-06,41
1207,4,SKU-002,2024-05-15,2024-05-18,49
1208,4,SKU-002,2024-05-25,2024-05-26,77
1209,4,SKU-002,2024-06-04,2024-06-05,59
1210,4,SKU-002,2024-06-14,2024-06-16,65
1211,4,SKU-002,2024-06-24,2024-06-25,86
1212,4,SKU-002,2024-07-04,2024-07-05,32
1213,4,SKU-002,2024-07-14,2024-07-15,90
1214,4,SKU-002,2024-07-24,2024-07-27,69
1215,4,SKU-002,2024-08-03,2024-08-05,71
1216,4,SKU-002,2024-08-13,2024-08-15,49
1217,4,SKU-002,2024-08-23,2024-08-24,41
1218,4,SKU-002,2024-09-02,2024-09-03,70
1219,4,SKU-002,2024-09-12,2024-09-14,88
1220,4,SKU-002,2024-09-22,2024-09-25,82
1221,4,SKU-002,2024-10-02,2024-10-04,85
1222,4,SKU-002,2024-10-12,2024-10-14,53
1223,4,SKU-002,2024-10-22,2024-10-23,74
1224,4,SKU-002,2024-11-01,2024-11-03,69
1225,4,SKU-002,2024-11-11,2024-11-14,36
1226,4,SKU-002,2024-11-21,2024-11-23,67
1227,4,SKU-002,2024-12-01,2024-12-02,30
1228,4,SKU-002,2024-12-11,2024-12-12,81
1229,4,SKU-002,2024-12-21,2024-12-24,92
1230,4,SKU-002,2024-12-31,2025-01-01,92
1231,4,SKU-002,2025-01-10,2025-01-12,52
1232,4,SKU-002,2025-01-20,2025-01-21,72
1233,4,SKU-002,2025-01-30,2025-01-31,82
1234,4,SKU-002,2025-02-09,2025-02-10,74
1235,4,SKU-002,2025-02-19,2025-02-22,30
1236,4,SKU-002,2025-03-01,2025-03-02,66
1237,4,SKU-002,2025-03-11,2025-03-13,66
1238,4,SKU-002,2025-03-21,2025-03-22,86
1239,4,SKU-002,2025-03-31,2025-04-01,86
1240,4,SKU-002,2025-04-10,2025-04-13,76
1241,4,SKU-002,2025-04-20,2025-04-23,40
1242,4,SKU-002,2025-04-30,2025-05-01,69
1243,4,SKU-002,2025-05-10,2025-05-11,92
1244,4,SKU-002,2025-05-20,2025-05-23,41
1245,4,SKU-002,2025-05-30,2025-06-02,90
1246,4,SKU-003,2023-01-01,2023-01-02,35
1247,4,SKU-003,2023-01-11,2023-01-12,97
1248,4,SKU-003,2023-01-21,2023-01-22,97
1249,4,SKU-003,2023-01-31,2023-02-01,98
1250,4,SKU-003,2023-02-10,2023-02-12,53
1251,4,SKU-003,2023-02-20,2023-02-22,89
1252,4,SKU-003,2023-03-02,2023-03-03,54
1253,4,SKU-003,2023-03-12,2023-03-14,37
1254,4,SKU-003,2023-03-22,2023-03-24,60
1255,4,SKU-003,2023-04-01,2023-04-02,86
1256,4,SKU-003,2023-04-11,2023-04-13,31
1257,4,SKU-003,2023-04-21,2023-04-24,60
1258,4,SKU-003,2023-05-01,2023-05-02,72
1259,4,SKU-003,2023-05-11,2023-05-12,87
1260,4,SKU-003,2023-05-21,2023-05-23,47
1261,4,SKU-003,2023-05-31,2023-06-03,37
1262,4,SKU-003,2023-06-10,2023-06-11,44
1263,4,SKU-003,2023-06-20,2023-06-21,72
1264,4,SKU-003,2023-06-30,2023-07-03,73
1265,4,SKU-003,2023-07-10,2023-07-11,55
1266,4,SKU-003,2023-07-20,2023-07-22,66
1267,4,SKU-003,2023-07-30,2023-07-31,56
1268,4,SKU-003,2023-08-09,2023-08-10,36
1269,4,SKU-003,2023-08-19,2023-08-20,36
1270,4,SKU-003,2023-08-29,2023-09-01,65
1271,4,SKU-003,2023-09-08,2023-09-11,95
1272,4,SKU-003,2023-09-18,2023-09-19,60
1273,4,SKU-003,2023-09-28,2023-09-29,66
1274,4,SKU-003,2023-10-08,2023-10-10,86
1275,4,SKU-003,2023-10-18,2023-10-19,68
1276,4,SKU-003,2023-10-28,2023-10-29,33
1277,4,SKU-003,2023-11-07,2023-11-08,56
1278,4,SKU-003,2023-11-17,2023-11-18,31
1279,4,SKU-003,2023-11-27,2023-11-28,94
1280,4,SKU-003,2023-12-07,2023-12-08,98
1281,4,SKU-003,2023-12-17,2023-12-19,45
1282,4,SKU-003,2023-12-27,2023-12-30,68
1283,4,SKU-003,2024-01-06,2024-01-08,35
1284,4,SKU-003,2024-01-16,2024-01-18,45
1285,4,SKU-003,2024-01-26,2024-01-27,36
1286,4,SKU-003,2024-02-05,2024-02-08,30
1287,4,SKU-003,2024-02-15,2024-02-17,75
1288,4,SKU-003,2024-02-25,2024-02-26,60
1289,4,SKU-003,2024-03-06,2024-03-07,78
1290,4,SKU-003,2024-03-16,2024-03-18,97
1291,4,SKU-003,2024-03-26,2024-03-27,92
1292,4,SKU-003,2024-04-05,2024-04-06,32
1293,4,SKU-003,2024-04-15,2024-04-18,58
1294,4,SKU-003,2024-04-25,2024-04-27,95
1295,4,SKU-003,2024-05-05,2024-05-07,97
1296,4,SKU-003,2024-05-15,2024-05-16,80
1297,4,SKU-003,2024-05-25,2024-05-26,47
1298,4,SKU-003,2024-06-04,2024-06-05,60
1299,4,SKU-003,2024-06-14,2024-06-15,49
1300,4,SKU-003,2024-06-24,2024-06-25,47
1301,4,SKU-003,2024-07-04,2024-07-05,48
1302,4,SKU-003,2024-07-14,2024-07-17,78
1303,4,SKU-003,2024-07-24,2024-07-25,79
1304,4,SKU-003,2024-08-03,2024-08-06,69
1305,4,SKU-003,2024-08-13,2024-08-14,95
1306,4,SKU-003,2024-08-23,2024-08-26,83
1307,4,SKU-003,2024-09-02,2024-09-03,59
1308,4,SKU-003,2024-09-12,2024-09-13,87
1309,4,SKU-003,2024-09-22,2024-09-25,46
1310,4,SKU-003,2024-10-02,2024-10-03,59
1311,4,SKU-003,2024-10-12,2024-10-15,33
1312,4,SKU-003,2024-10-22,2024-10-23,94
1313,4,SKU-003,2024-11-01,2024-11-03,49
1314,4,SKU-003,2024-11-11,2024-11-14,37
1315,4,SKU-003,2024-11-21,2024-11-22,84
1316,4,SKU-003,2024-12-01,2024-12-02,96
1317,4,SKU-003,2024-12-11,2024-12-14,88
1318,4,SKU-003,2024-12-21,2024-12-22,52
1319,4,SKU-003,2024-12-31,2025-01-02,99
1320,4,SKU-003,2025-01-10,2025-01-12,49
1321,4,SKU-003,2025-01-20,2025-01-23,46
1322,4,SKU-003,2025-01-30,2025-01-31,44
1323,4,SKU-003,2025-02-09,2025-02-10,31
1324,4,SKU-003,2025-02-19,2025-02-20,70
1325,4,SKU-003,2025-03-01,2025-03-04,81
1326,4,SKU-003,2025-03-11,2025-03-13,72
1327,4,SKU-003,2025-03-21,2025-03-24,67
1328,4,SKU-003,2025-03-31,2025-04-03,74
1329,4,SKU-003,2025-04-10,2025-04-11,90
1330,4,SKU-003,2025-04-20,2025-04-22,51
1331,4,SKU-003,2025-04-30,2025-05-03,63
1332,4,SKU-003,2025-05-10,2025-05-11,93
1333,4,SKU-003,2025-05-20,2025-05-21,48
1334,4,SKU-003,2025-05-30,2025-05-31,33
1335,5,SKU-001,2023-01-01,2023-01-04,53
1336,5,SKU-001,2023-01-11,2023-01-12,76
1337,5,SKU-001,2023-01-21,2023-01-22,34
1338,5,SKU-001,2023-01-31,2023-02-01,43
1339,5,SKU-001,2023-02-10,2023-02-11,60
1340,5,SKU-001,2023-02-20,2023-02-21,56
1341,5,SKU-001,2023-03-02,2023-03-03,94
1342,5,SKU-001,2023-03-12,2023-03-13,67
1343,5,SKU-001,2023-03-22,2023-03-23,92
1344,5,SKU-001,2023-04-01,2023-04-02,58
1345,5,SKU-001,2023-04-11,2023-04-13,70
1346,5,SKU-001,2023-04-21,2023-04-23,69
1347,5,SKU-001,2023-05-01,2023-05-02,41
1348,5,SKU-001,2023-05-11,2023-05-14,31
1349,5,SKU-001,2023-05-21,2023-05-22,48
1350,5,SKU-001,2023-05-31,2023-06-01,33
1351,5,SKU-001,2023-06-10,2023-06-12,82
1352,5,SKU-001,2023-06-20,2023-06-21,89
1353,5,SKU-001,2023-06-30,2023-07-01,53
1354,5,SKU-001,2023-07-10,2023-07-11,42
1355,5,SKU-001,2023-07-20,2023-07-23,40
1356,5,SKU-001,2023-07-30,2023-08-02,65
1357,5,SKU-001,2023-08-09,2023-08-10,60
1358,5,SKU-001,2023-08-19,2023-08-22,96
1359,5,SKU-001,2023-08-29,2023-08-30,93
1360,5,SKU-001,2023-09-08,2023-09-10,96
1361,5,SKU-001,2023-09-18,2023-09-19,75
1362,5,SKU-001,2023-09-28,2023-09-30,89
1363,5,SKU-001,2023-10-08,2023-10-09,86
1364,5,SKU-001,2023-10-18,2023-10-19,50
1365,5,SKU-001,2023-10-28,2023-10-29,73
1366,5,SKU-001,2023-11-07,2023-11-08,65
1367,5,SKU-001,2023-11-17,2023-11-18,69
1368,5,SKU-001,2023-11-27,2023-11-29,60
1369,5,SKU-001,2023-12-07,2023-12-10,47
1370,5,SKU-001,2023-12-17,2023-12-19,85
1371,5,SKU-001,2023-12-27,2023-12-29,40
1372,5,SKU-001,2024-01-06,2024-01-08,48
1373,5,SKU-001,2024-01-16,2024-01-17,87
1374,5,SKU-001,2024-01-26,2024-01-27,92
1375,5,SKU-001,2024-02-05,2024-02-07,95
1376,5,SKU-001,2024-02-15,2024-02-17,96
1377,5,SKU-001,2024-02-25,2024-02-26,40
1378,5,SKU-001,2024-03-06,2024-03-09,67
1379,5,SKU-001,2024-03-16,2024-03-19,42
1380,5,SKU-001,2024-03-26,2024-03-29,64
1381,5,SKU-001,2024-04-05,2024-04-06,81
1382,5,SKU-001,2024-04-15,2024-04-17,98
1383,5,SKU-001,2024-04-25,2024-04-27,97
1384,5,SKU-001,2024-05-05,2024-05-08,70
1385,5,SKU-001,2024-05-15,2024-05-17,57
1386,5,SKU-001,2024-05-25,2024-05-28,55
1387,5,SKU-001,2024-06-04,2024-06-07,68
1388,5,SKU-001,2024-06-14,2024-06-17,38
1389,5,SKU-001,2024-06-24,2024-06-25,56
1390,5,SKU-001,2024-07-04,2024-07-06,39
1391,5,SKU-001,2024-07-14,2024-07-15,34
1392,5,SKU-001,2024-07-24,2024-07-25,97
1393,5,SKU-001,2024-08-03,2024-08-06,52
1394,5,SKU-001,2024-08-13,2024-08-15,63
1395,5,SKU-001,2024-08-23,2024-08-24,78
1396,5,SKU-001,2024-09-02,2024-09-03,65
1397,5,SKU-001,2024-09-12,2024-09-13,92
1398,5,SKU-001,2024-09-22,2024-09-25,93
1399,5,SKU-001,2024-10-02,2024-10-03,49
1400,5,SKU-001,2024-10-12,2024-10-14,59
1401,5,SKU-001,2024-10-22,2024-10-23,44
1402,5,SKU-001,2024-11-01,2024-11-02,95
1403,5,SKU-001,2024-11-11,2024-11-13,34
1404,5,SKU-001,2024-11-21,2024-11-22,86
1405,5,SKU-001,2024-12-01,2024-12-02,88
1406,5,SKU-001,2024-12-11,2024-12-13,91
1407,5,SKU-001,2024-12-21,2024-12-24,75
1408,5,SKU-001,2024-12-31,2025-01-03,66
1409,5,SKU-001,2025-01-10,2025-01-13,72
1410,5,SKU-001,2025-01-20,2025-01-21,43
1411,5,SKU-001,2025-01-30,2025-01-31,42
1412,5,SKU-001,2025-02-09,2025-02-10,85
1413,5,SKU-001,2025-02-19,2025-02-20,68
1414,5,SKU-001,2025-03-01,2025-03-04,95
1415,5,SKU-001,2025-03-11,2025-03-12,48
1416,5,SKU-001,2025-03-21,2025-03-23,49
1417,5,SKU-001,2025-03-31,2025-04-01,65
1418,5,SKU-001,2025-04-10,2025-04-11,35
1419,5,SKU-001,2025-04-20,2025-04-22,81
1420,5,SKU-001,2025-04-30,2025-05-03,41
1421,5,SKU-001,2025-05-10,2025-05-13,69
1422,5,SKU-001,2025-05-20,2025-05-21,36
1423,5,SKU-001,2025-05-30,2025-05-31,58
1424,5,SKU-002,2023-01-01,2023-01-03,69
1425,5,SKU-002,2023-01-11,2023-01-12,67
1426,5,SKU-002,2023-01-21,2023-01-22,98
1427,5,SKU-002,2023-01-31,2023-02-03,76
1428,5,SKU-002,2023-02-10,2023-02-12,67
1429,5,SKU-002,2023-02-20,2023-02-22,75
1430,5,SKU-002,2023-03-02,2023-03-05,81
1431,5,SKU-002,2023-03-12,2023-03-15,96
1432,5,SKU-002,2023-03-22,2023-03-23,40
1433,5,SKU-002,2023-04-01,2023-04-04,79
1434,5,SKU-002,2023-04-11,2023-04-12,30
1435,5,SKU-002,2023-04-21,2023-04-22,30
1436,5,SKU-002,2023-05-01,2023-05-03,79
1437,5,SKU-002,2023-05-11,2023-05-12,68
1438,5,SKU-002,2023-05-21,2023-05-23,85
1439,5,SKU-002,2023-05-31,2023-06-03,56
1440,5,SKU-002,2023-06-10,2023-06-11,40
1441,5,SKU-002,2023-06-20,2023-06-21,75
1442,5,SKU-002,2023-06-30,2023-07-03,66
1443,5,SKU-002,2023-07-10,2023-07-11,50
1444,5,SKU-002,2023-07-20,2023-07-21,62
1445,5,SKU-002,2023-07-30,2023-08-02,68
1446,5,SKU-002,2023-08-09,2023-08-12,44
1447,5,SKU-002,2023-08-19,2023-08-20,81
1448,5,SKU-002,2023-08-29,2023-08-30,72
1449,5,SKU-002,2023-09-08,2023-09-09,34
1450,5,SKU-002,2023-09-18,2023-09-19,65
1451,5,SKU-002,2023-09-28,2023-09-30,48
1452,5,SKU-002,2023-10-08,2023-10-09,92
1453,5,SKU-002,2023-10-18,2023-10-20,61
1454,5,SKU-002,2023-10-28,2023-10-29,40
1455,5,SKU-002,2023-11-07,2023-11-10,76
1456,5,SKU-002,2023-11-17,2023-11-18,48
1457,5,SKU-002,2023-11-27,2023-11-30,97
1458,5,SKU-002,2023-12-07,2023-12-09,32
1459,5,SKU-002,2023-12-17,2023-12-20,39
1460,5,SKU-002,2023-12-27,2023-12-29,99
1461,5,SKU-002,2024-01-06,2024-01-07,96
1462,5,SKU-002,2024-01-16,2024-01-17,34
1463,5,SKU-002,2024-01-26,2024-01-28,56
1464,5,SKU-002,2024-02-05,2024-02-06,95
1465,5,SKU-002,2024-02-15,2024-02-16,48
1466,5,SKU-002,2024-02-25,2024-02-28,90
1467,5,SKU-002,2024-03-06,2024-03-08,66
1468,5,SKU-002,2024-03-16,2024-03-17,86
1469,5,SKU-002,2024-03-26,2024-03-28,76
1470,5,SKU-002,2024-04-05,2024-04-08,86
1471,5,SKU-002,2024-04-15,2024-04-18,54
1472,5,SKU-002,2024-04-25,2024-04-28,98
1473,5,SKU-002,2024-05-05,2024-05-07,57
1474,5,SKU-002,2024-05-15,2024-05-16,32
1475,5,SKU-002,2024-05-25,2024-05-26,83
1476,5,SKU-002,2024-06-04,2024-06-05,45
1477,5,SKU-002,2024-06-14,2024-06-15,36
1478,5,SKU-002,2024-06-24,2024-06-26,77
1479,5,SKU-002,2024-07-04,2024-07-05,84
1480,5,SKU-002,2024-07-14,2024-07-15,74
1481,5,SKU-002,2024-07-24,2024-07-25,47
1482,5,SKU-002,2024-08-03,2024-08-05,44
1483,5,SKU-002,2024-08-13,2024-08-15,51
1484,5,SKU-002,2024-08-23,2024-08-26,78
1485,5,SKU-002,2024-09-02,2024-09-03,34
1486,5,SKU-002,2024-09-12,2024-09-15,90
1487,5,SKU-002,2024-09-22,2024-09-23,97
1488,5,SKU-002,2024-10-02,2024-10-03,91
1489,5,SKU-002,2024-10-12,2024-10-13,59
1490,5,SKU-002,2024-10-22,2024-10-24,66
1491,5,SKU-002,2024-11-01,2024-11-03,65
1492,5,SKU-002,2024-11-11,2024-11-12,71
1493,5,SKU-002,2024-11-21,2024-11-22,89
1494,5,SKU-002,2024-12-01,2024-12-02,90
1495,5,SKU-002,2024-12-11,2024-12-12,51
1496,5,SKU-002,2024-12-21,2024-12-23,37
1497,5,SKU-002,2024-12-31,2025-01-02,68
1498,5,SKU-002,2025-01-10,2025-01-11,32
1499,5,SKU-002,2025-01-20,2025-01-23,77
1500,5,SKU-002,2025-01-30,2025-02-02,79
1501,5,SKU-002,2025-02-09,2025-02-12,76
1502,5,SKU-002,2025-02-19,2025-02-20,48
1503,5,SKU-002,2025-03-01,2025-03-03,81
1504,5,SKU-002,2025-03-11,2025-03-14,50
1505,5,SKU-002,2025-03-21,2025-03-22,59
1506,5,SKU-002,2025-03-31,2025-04-03,78
1507,5,SKU-002,2025-04-10,2025-04-12,51
1508,5,SKU-002,2025-04-20,2025-04-21,92
1509,5,SKU-002,2025-04-30,2025-05-02,52
1510,5,SKU-002,2025-05-10,2025-05-11,90
1511,5,SKU-002,2025-05-20,2025-05-21,95
1512,5,SKU-002,2025-05-30,2025-06-01,56
1513,5,SKU-003,2023-01-01,2023-01-02,33
1514,5,SKU-003,2023-01-11,2023-01-14,47
1515,5,SKU-003,2023-01-21,2023-01-22,83
1516,5,SKU-003,2023-01-31,2023-02-02,36
1517,5,SKU-003,2023-02-10,2023-02-11,91
1518,5,SKU-003,2023-02-20,2023-02-21,71
1519,5,SKU-003,2023-03-02,2023-03-04,85
1520,5,SKU-003,2023-03-12,2023-03-13,83
1521,5,SKU-003,2023-03-22,2023-03-23,82
1522,5,SKU-003,2023-04-01,2023-04-02,31
1523,5,SKU-003,2023-04-11,2023-04-12,81
1524,5,SKU-003,2023-04-21,2023-04-24,77
1525,5,SKU-003,2023-05-01,2023-05-04,72
1526,5,SKU-003,2023-05-11,2023-05-14,89
1527,5,SKU-003,2023-05-21,2023-05-23,67
1528,5,SKU-003,2023-05-31,2023-06-02,69
1529,5,SKU-003,2023-06-10,2023-06-11,66
1530,5,SKU-003,2023-06-20,2023-06-21,82
1531,5,SKU-003,2023-06-30,2023-07-03,95
1532,5,SKU-003,2023-07-10,2023-07-12,71
1533,5,SKU-003,2023-07-20,2023-07-21,54
1534,5,SKU-003,2023-07-30,2023-07-31,65
1535,5,SKU-003,2023-08-09,2023-08-11,96
1536,5,SKU-003,2023-08-19,2023-08-21,42
1537,5,SKU-003,2023-08-29,2023-08-31,93
1538,5,SKU-003,2023-09-08,2023-09-09,88
1539,5,SKU-003,2023-09-18,2023-09-21,55
1540,5,SKU-003,2023-09-28,2023-09-30,91
1541,5,SKU-003,2023-10-08,2023-10-09,82
1542,5,SKU-003,2023-10-18,2023-10-19,96
1543,5,SKU-003,2023-10-28,2023-10-31,65
1544,5,SKU-003,2023-11-07,2023-11-09,80
1545,5,SKU-003,2023-11-17,2023-11-18,54
1546,5,SKU-003,2023-11-27,2023-11-29,56
1547,5,SKU-003,2023-12-07,2023-12-08,42
1548,5,SKU-003,2023-12-17,2023-12-18,70
1549,5,SKU-003,2023-12-27,2023-12-29,30
1550,5,SKU-003,2024-01-06,2024-01-07,94
1551,5,SKU-003,2024-01-16,2024-01-17,53
1552,5,SKU-003,2024-01-26,2024-01-28,73
1553,5,SKU-003,2024-02-05,2024-02-08,98
1554,5,SKU-003,2024-02-15,2024-02-16,59
1555,5,SKU-003,2024-02-25,2024-02-26,35
1556,5,SKU-003,2024-03-06,2024-03-09,56
1557,5,SKU-003,2024-03-16,2024-03-18,98
1558,5,SKU-003,2024-03-26,2024-03-28,97
1559,5,SKU-003,2024-04-05,2024-04-06,77
1560,5,SKU-003,2024-04-15,2024-04-17,77
1561,5,SKU-003,2024-04-25,2024-04-28,63
1562,5,SKU-003,2024-05-05,2024-05-07,65
1563,5,SKU-003,2024-05-15,2024-05-18,68
1564,5,SKU-003,2024-05-25,2024-05-26,57
1565,5,SKU-003,2024-06-04,2024-06-05,87
1566,5,SKU-003,2024-06-14,2024-06-16,93
1567,5,SKU-003,2024-06-24,2024-06-26,90
1568,5,SKU-003,2024-07-04,2024-07-07,49
1569,5,SKU-003,2024-07-14,2024-07-16,44
1570,5,SKU-003,2024-07-24,2024-07-25,98
1571,5,SKU-003,2024-08-03,2024-08-04,40
1572,5,SKU-003,2024-08-13,2024-08-16,56
1573,5,SKU-003,2024-08-23,2024-08-25,33
1574,5,SKU-003,2024-09-02,2024-09-03,44
1575,5,SKU-003,2024-09-12,2024-09-15,59
1576,5,SKU-003,2024-09-22,2024-09-25,34
1577,5,SKU-003,2024-10-02,2024-10-04,70
1578,5,SKU-003,2024-10-12,2024-10-13,60
1579,5,SKU-003,2024-10-22,2024-10-23,60
1580,5,SKU-003,2024-11-01,2024-11-03,83
1581,5,SKU-003,2024-11-11,2024-11-14,57
1582,5,SKU-003,2024-11-21,2024-11-24,34
1583,5,SKU-003,2024-12-01,2024-12-02,77
1584,5,SKU-003,2024-12-11,2024-12-14,78
1585,5,SKU-003,2024-12-21,2024-12-22,65
1586,5,SKU-003,2024-12-31,2025-01-01,30
1587,5,SKU-003,2025-01-10,2025-01-13,96
1588,5,SKU-003,2025-01-20,2025-01-21,51
1589,5,SKU-003,2025-01-30,2025-02-02,51
1590,5,SKU-003,2025-02-09,2025-02-12,42
1591,5,SKU-003,2025-02-19,2025-02-20,74
1592,5,SKU-003,2025-03-01,2025-03-04,71
1593,5,SKU-003,2025-03-11,2025-03-12,92
1594,5,SKU-003,2025-03-21,2025-03-23,73
1595,5,SKU-003,2025-03-31,2025-04-01,49
1596,5,SKU-003,2025-04-10,2025-04-11,84
1597,5,SKU-003,2025-04-20,2025-04-21,50
1598,5,SKU-003,2025-04-30,2025-05-01,92
1599,5,SKU-003,2025-05-10,2025-05-12,37
1600,5,SKU-003,2025-05-20,2025-05-21,59
1601,5,SKU-003,2025-05-30,2025-05-31,98
