scenario,seed,policy,cost_per_day,holding_per_day,penalty_per_day,fill_rate,shortage_units,backlog_unit_days,demand_units
normal,1001,independent,61.53534246575343,61.469589041095894,0.06575342465753424,0.9997245558463022,2.0,2.0,7261.0
normal,1001,coordinated,41.36219178082192,29.000547945205483,12.361643835616439,0.950695496488087,358.0,376.0,7261.0
normal,1002,independent,60.923287671232885,60.79178082191782,0.13150684931506848,0.9994545950368149,4.0,4.0,7334.0
normal,1002,coordinated,47.82356164383561,28.393424657534247,19.43013698630137,0.9215980365421326,575.0,591.0,7334.0
normal,1003,independent,60.46986301369864,60.43698630136987,0.03287671232876712,0.9998644435407347,1.0,1.0,7377.0
normal,1003,coordinated,41.46493150684932,27.853972602739727,13.610958904109589,0.9448285210790294,407.0,414.0,7377.0
normal,1004,independent,59.75013698630138,59.71726027397261,0.03287671232876712,0.9998654286098776,1.0,1.0,7431.0
normal,1004,coordinated,41.037260273972606,27.196164383561644,13.841095890410958,0.9437491589288117,418.0,421.0,7431.0
normal,1005,independent,59.93780821917808,59.67479452054794,0.26301369863013696,0.9989290495314592,8.0,8.0,7470.0
normal,1005,coordinated,49.41561643835617,26.96082191780822,22.454794520547946,0.9183400267737617,610.0,683.0,7470.0
normal,1006,independent,61.7268493150685,61.56246575342467,0.1643835616438356,0.9993121474755813,5.0,5.0,7269.0
normal,1006,coordinated,44.37315068493151,29.085479452054795,15.287671232876713,0.9368551382583574,459.0,465.0,7269.0
normal,1007,independent,60.28849315068493,60.255616438356164,0.03287671232876712,0.9998649743451256,1.0,1.0,7406.0
normal,1007,coordinated,42.089863013698626,27.492602739726024,14.597260273972603,0.9408587631650014,438.0,444.0,7406.0
normal,1008,independent,61.3041095890411,61.271232876712325,0.03287671232876712,0.9998625618471688,1.0,1.0,7276.0
normal,1008,coordinated,42.94493150684932,29.00520547945206,13.93972602739726,0.9424134139637164,419.0,424.0,7276.0
normal,1009,independent,59.770958904109584,59.770958904109584,0.0,1.0,0.0,0.0,7424.0
normal,1009,coordinated,41.74219178082192,26.84904109589041,14.893150684931507,0.9389816810344828,453.0,453.0,7424.0
normal,1010,independent,57.89671232876713,57.66657534246576,0.23013698630136986,0.999083529719822,7.0,7.0,7638.0
normal,1010,coordinated,54.06082191780822,24.70191780821918,29.35890410958904,0.8953914637339617,799.0,893.0,7638.0
normal,1011,independent,59.73260273972601,59.666849315068475,0.06575342465753424,0.9997316516838857,2.0,2.0,7453.0
normal,1011,coordinated,41.43506849315068,26.476164383561642,14.95890410958904,0.9417684154031933,434.0,455.0,7453.0
normal,1012,independent,58.262465753424664,57.86794520547946,0.39452054794520547,0.9984222981856429,12.0,12.0,7606.0
normal,1012,coordinated,48.55561643835616,24.621369863013697,23.934246575342467,0.9094136208256639,689.0,728.0,7606.0
normal,1013,independent,62.61013698630137,62.61013698630137,0.0,1.0,0.0,0.0,7175.0
normal,1013,coordinated,41.40383561643836,30.981917808219176,10.421917808219177,0.9562369337979094,314.0,317.0,7175.0
normal,1014,independent,61.01287671232876,60.78273972602739,0.23013698630136986,0.9990482664853841,7.0,7.0,7355.0
normal,1014,coordinated,44.37917808219178,28.236712328767123,16.14246575342466,0.9411284840244731,433.0,491.0,7355.0
normal,1015,independent,60.79479452054793,60.663287671232865,0.13150684931506848,0.9994578476551911,4.0,4.0,7378.0
normal,1015,coordinated,41.84602739726027,28.13643835616438,13.70958904109589,0.946462455950122,395.0,417.0,7378.0
normal,1016,independent,61.13589041095891,61.00438356164384,0.13150684931506848,0.9994538503549972,4.0,4.0,7324.0
normal,1016,coordinated,41.97506849315069,28.495616438356162,13.479452054794521,0.94401966138722,410.0,410.0,7324.0
normal,1017,independent,58.25671232876712,58.22383561643836,0.03287671232876712,0.999868073878628,1.0,1.0,7580.0
normal,1017,coordinated,47.407123287671226,25.116712328767125,22.29041095890411,0.9215039577836411,595.0,678.0,7580.0
normal,1018,independent,60.554246575342454,60.42273972602739,0.13150684931506848,0.9994577006507592,4.0,4.0,7376.0
normal,1018,coordinated,46.21369863013699,27.40821917808219,18.805479452054794,0.9269251626898047,539.0,572.0,7376.0
normal,1019,independent,61.19835616438357,61.066849315068495,0.13150684931506848,0.999453327866612,4.0,4.0,7317.0
normal,1019,coordinated,45.140821917808225,28.89972602739726,16.24109589041096,0.9352193521935219,474.0,494.0,7317.0
normal,1020,independent,59.87890410958904,59.87890410958904,0.0,1.0,0.0,0.0,7453.0
normal,1020,coordinated,44.0427397260274,27.045479452054796,16.997260273972604,0.9322420501811352,505.0,517.0,7453.0
demand_spike,1001,independent,75.29534246575342,50.30904109589041,24.986301369863014,0.9225921521997622,651.0,760.0,8410.0
demand_spike,1001,coordinated,181.2353424657534,21.520273972602737,159.71506849315068,0.7076099881093936,2459.0,4858.0,8410.0
demand_spike,1002,independent,96.39123287671234,49.83780821917808,46.553424657534244,0.8909708396767771,931.0,1416.0,8539.0
demand_spike,1002,coordinated,215.08876712328765,22.036712328767123,193.05205479452056,0.6701018854666823,2817.0,5872.0,8539.0
demand_spike,1003,independent,78.2027397260274,48.942465753424656,29.26027397260274,0.9072994402985075,795.0,890.0,8576.0
demand_spike,1003,coordinated,210.86821917808217,21.30109589041096,189.56712328767122,0.675839552238806,2780.0,5766.0,8576.0
demand_spike,1004,independent,91.08520547945206,48.70712328767123,42.37808219178082,0.8880277617119723,968.0,1289.0,8645.0
demand_spike,1004,coordinated,221.58876712328765,21.238082191780823,200.35068493150686,0.6749566223250434,2810.0,6094.0,8645.0
demand_spike,1005,independent,86.05808219178083,48.61150684931507,37.446575342465756,0.9037062694838933,834.0,1139.0,8661.0
demand_spike,1005,coordinated,211.3358904109589,20.289315068493153,191.04657534246576,0.6747488742639418,2817.0,5811.0,8661.0
demand_spike,1006,independent,86.55698630136986,50.68849315068493,35.868493150684934,0.8979881656804733,862.0,1091.0,8450.0
demand_spike,1006,coordinated,199.79013698630135,22.124383561643835,177.66575342465754,0.6860355029585798,2653.0,5404.0,8450.0
demand_spike,1007,independent,81.00054794520547,48.81424657534246,32.18630136986302,0.9090381040892194,783.0,979.0,8608.0
demand_spike,1007,coordinated,205.71890410958903,20.655890410958904,185.06301369863013,0.679135687732342,2762.0,5629.0,8608.0
demand_spike,1008,independent,77.95260273972603,50.336164383561645,27.616438356164384,0.9152622834084975,714.0,840.0,8426.0
demand_spike,1008,coordinated,188.93698630136987,21.791780821917808,167.14520547945204,0.6987894611915499,2538.0,5084.0,8426.0
demand_spike,1009,independent,89.45917808219178,48.955068493150684,40.50410958904109,0.8871866295264624,972.0,1232.0,8616.0
demand_spike,1009,coordinated,208.7082191780822,20.48904109589041,188.21917808219177,0.6867455896007428,2699.0,5725.0,8616.0
demand_spike,1010,independent,85.89205479452055,46.50575342465753,39.38630136986301,0.8955746218107925,925.0,1198.0,8858.0
demand_spike,1010,coordinated,230.09342465753426,18.268767123287674,211.82465753424657,0.6439376834499887,3154.0,6443.0,8858.0
demand_spike,1011,independent,83.24493150684931,48.98739726027398,34.25753424657534,0.9121173320917239,755.0,1042.0,8591.0
demand_spike,1011,coordinated,185.1649315068493,19.63068493150685,165.53424657534248,0.7074845768827843,2513.0,5035.0,8591.0
demand_spike,1012,independent,99.80876712328767,47.00876712328766,52.8,0.8598733318253788,1239.0,1606.0,8842.0
demand_spike,1012,coordinated,243.6049315068493,19.35287671232877,224.25205479452055,0.6448767247229134,3140.0,6821.0,8842.0
demand_spike,1013,independent,74.3854794520548,51.79917808219178,22.586301369863012,0.9296724470134875,584.0,687.0,8304.0
demand_spike,1013,coordinated,173.7668493150685,23.224383561643833,150.54246575342466,0.7150770712909441,2366.0,4579.0,8304.0
demand_spike,1014,independent,83.41397260273972,49.68246575342465,33.73150684931507,0.9122477709995307,748.0,1026.0,8524.0
demand_spike,1014,coordinated,195.88712328767124,21.27890410958904,174.60821917808218,0.7068277803847959,2499.0,5311.0,8524.0
demand_spike,1015,independent,81.4586301369863,49.40383561643835,32.054794520547944,0.9152364273204904,726.0,975.0,8565.0
demand_spike,1015,coordinated,199.45424657534247,21.163835616438355,178.29041095890412,0.6903677758318739,2652.0,5423.0,8565.0
demand_spike,1016,independent,84.86794520547944,50.183013698630134,34.68493150684932,0.902306967984934,830.0,1055.0,8496.0
demand_spike,1016,coordinated,197.90191780821917,21.616986301369863,176.28493150684932,0.6963276836158192,2580.0,5362.0,8496.0
demand_spike,1017,independent,76.60958904109589,46.95479452054794,29.654794520547945,0.9110730593607306,779.0,902.0,8760.0
demand_spike,1017,coordinated,209.6841095890411,18.473150684931507,191.2109589041096,0.667351598173516,2914.0,5816.0,8760.0
demand_spike,1018,independent,102.56273972602739,49.23671232876712,53.326027397260276,0.8572090330052113,1233.0,1622.0,8635.0
demand_spike,1018,coordinated,253.5145205479452,22.654246575342462,230.86027397260273,0.645049218297626,3065.0,7022.0,8635.0
demand_spike,1019,independent,88.01178082191781,50.072054794520554,37.93972602739726,0.9031272043263578,824.0,1154.0,8506.0
demand_spike,1019,coordinated,208.7323287671233,22.354246575342465,186.37808219178083,0.6806959793087233,2716.0,5669.0,8506.0
demand_spike,1020,independent,98.27972602739727,49.227671232876716,49.05205479452055,0.878539234947417,1051.0,1492.0,8653.0
demand_spike,1020,coordinated,213.4958904109589,20.904109589041095,192.5917808219178,0.6836935166994106,2737.0,5858.0,8653.0
supplier_delay,1001,independent,60.42109589041096,37.243013698630136,23.17808219178082,0.9226001928109075,562.0,705.0,7261.0
supplier_delay,1001,coordinated,403.8054794520548,5.405479452054794,398.4,0.4135793967773034,4258.0,12118.0,7261.0
supplier_delay,1002,independent,61.879178082191785,35.97232876712329,25.90684931506849,0.9281428961003545,527.0,788.0,7334.0
supplier_delay,1002,coordinated,428.78356164383564,5.134246575342465,423.64931506849314,0.366103081538042,4649.0,12886.0,7334.0
supplier_delay,1003,independent,51.39123287671233,34.919999999999995,16.471232876712328,0.946048529212417,398.0,501.0,7377.0
supplier_delay,1003,coordinated,434.88493150684934,4.693150684931507,430.1917808219178,0.3676291175274502,4665.0,13085.0,7377.0
supplier_delay,1004,independent,49.85753424657534,33.41917808219178,16.438356164383563,0.9463060153411385,399.0,500.0,7431.0
supplier_delay,1004,coordinated,459.84657534246577,5.095890410958904,454.75068493150684,0.35621046965415154,4784.0,13832.0,7431.0
supplier_delay,1005,independent,68.67041095890411,33.75534246575343,34.915068493150685,0.9104417670682731,669.0,1062.0,7470.0
supplier_delay,1005,coordinated,462.9835616438356,4.353424657534247,458.63013698630135,0.37617135207496655,4660.0,13950.0,7470.0
supplier_delay,1006,independent,59.04684931506849,36.82219178082192,22.224657534246575,0.9365799972485899,461.0,676.0,7269.0
supplier_delay,1006,coordinated,413.0383561643836,5.3342465753424655,407.7041095890411,0.3948273490163709,4399.0,12401.0,7269.0
supplier_delay,1007,independent,50.083561643835615,34.07260273972603,16.01095890410959,0.9481501485282203,384.0,487.0,7406.0
supplier_delay,1007,coordinated,443.2328767123288,4.756164383561644,438.4767123287671,0.3806373210910073,4587.0,13337.0,7406.0
supplier_delay,1008,independent,57.13972602739726,36.62465753424657,20.515068493150686,0.9318306761957119,496.0,624.0,7276.0
supplier_delay,1008,coordinated,416.94246575342464,5.556164383561644,411.386301369863,0.3822155030236394,4495.0,12513.0,7276.0
supplier_delay,1009,independent,60.37041095890411,33.3786301369863,26.991780821917807,0.9047683189655172,707.0,821.0,7424.0
supplier_delay,1009,coordinated,464.1698630136986,5.079452054794521,459.0904109589041,0.37742456896551724,4622.0,13964.0,7424.0
supplier_delay,1010,independent,83.5041095890411,30.76986301369863,52.73424657534247,0.8675045823514009,1012.0,1604.0,7638.0
supplier_delay,1010,coordinated,518.4794520547945,4.583561643835616,513.8958904109589,0.35899450117831894,4896.0,15631.0,7638.0
supplier_delay,1011,independent,56.88328767123288,33.113424657534246,23.76986301369863,0.9223131624849054,579.0,723.0,7453.0
supplier_delay,1011,coordinated,460.06849315068496,4.528767123287671,455.53972602739725,0.3783711257211861,4633.0,13856.0,7453.0
supplier_delay,1012,independent,75.67671232876712,30.898630136986302,44.778082191780825,0.8652379700236655,1025.0,1362.0,7606.0
supplier_delay,1012,coordinated,513.4383561643835,5.065753424657534,508.372602739726,0.3502498027872732,4942.0,15463.0,7606.0
supplier_delay,1013,independent,52.726027397260275,39.11506849315069,13.610958904109589,0.9498257839721255,360.0,414.0,7175.0
supplier_delay,1013,coordinated,379.0712328767123,4.901369863013699,374.1698630136986,0.39902439024390246,4312.0,11381.0,7175.0
supplier_delay,1014,independent,61.70986301369862,35.770136986301374,25.93972602739726,0.9230455472467709,566.0,789.0,7355.0
supplier_delay,1014,coordinated,426.1123287671233,4.7315068493150685,421.3808219178082,0.385588035350102,4519.0,12817.0,7355.0
supplier_delay,1015,independent,52.45589041095891,34.99835616438356,17.457534246575342,0.9413120086744375,433.0,531.0,7378.0
supplier_delay,1015,coordinated,429.1013698630137,4.597260273972603,424.5041095890411,0.3807264841420439,4569.0,12912.0,7378.0
supplier_delay,1016,independent,53.25452054794521,35.40246575342466,17.852054794520548,0.9403331512834516,437.0,543.0,7324.0
supplier_delay,1016,coordinated,428.72328767123287,5.402739726027397,423.3205479452055,0.4000546149645003,4394.0,12876.0,7324.0
supplier_delay,1017,independent,71.63424657534246,31.458904109589042,40.175342465753424,0.8857519788918206,866.0,1222.0,7580.0
supplier_delay,1017,coordinated,503.36712328767123,4.956164383561644,498.4109589041096,0.3548812664907652,4890.0,15160.0,7580.0
supplier_delay,1018,independent,64.6786301369863,34.49780821917808,30.18082191780822,0.910385032537961,661.0,918.0,7376.0
supplier_delay,1018,coordinated,446.16438356164383,5.254794520547946,440.9095890410959,0.4008947939262473,4419.0,13411.0,7376.0
supplier_delay,1019,independent,63.449041095890415,36.78602739726027,26.663013698630138,0.9249692496924969,549.0,811.0,7317.0
supplier_delay,1019,coordinated,419.0054794520548,5.317808219178082,413.6876712328767,0.4020773541068744,4375.0,12583.0,7317.0
supplier_delay,1020,independent,61.127945205479456,33.74164383561644,27.386301369863013,0.9181537635851335,610.0,833.0,7453.0
supplier_delay,1020,coordinated,449.68219178082194,4.63013698630137,445.05205479452053,0.3889708842077016,4554.0,13537.0,7453.0
combined_stress,1001,independent,310.7619178082192,29.403013698630136,281.35890410958905,0.7162901307966706,2386.0,8558.0,8410.0
combined_stress,1001,coordinated,754.0383561643836,4.449315068493151,749.5890410958904,0.32936979785969084,5640.0,22800.0,8410.0
combined_stress,1002,independent,348.0158904109589,29.144657534246573,318.8712328767123,0.7256118983487527,2343.0,9699.0,8539.0
combined_stress,1002,coordinated,798.4547945205479,4.383561643835616,794.0712328767123,0.2930085490104228,6037.0,24153.0,8539.0
combined_stress,1003,independent,346.23616438356163,28.647123287671235,317.5890410958904,0.7318097014925373,2300.0,9660.0,8576.0
combined_stress,1003,coordinated,801.3178082191781,3.728767123287671,797.5890410958904,0.30806902985074625,5934.0,24260.0,8576.0
combined_stress,1004,independent,361.2115068493151,28.006027397260276,333.2054794520548,0.7326778484673222,2311.0,10135.0,8645.0
combined_stress,1004,coordinated,832.3123287671233,4.213698630136986,828.0986301369863,0.29728166570271836,6075.0,25188.0,8645.0
combined_stress,1005,independent,352.09068493150687,27.137260273972604,324.95342465753424,0.7098487472578224,2513.0,9884.0,8661.0
combined_stress,1005,coordinated,825.2027397260274,3.350684931506849,821.8520547945205,0.30412192587461034,6027.0,24998.0,8661.0
combined_stress,1006,independent,332.92931506849317,29.707397260273975,303.2219178082192,0.725207100591716,2322.0,9223.0,8450.0
combined_stress,1006,coordinated,772.8082191780821,4.413698630136986,768.3945205479451,0.31810650887573966,5762.0,23372.0,8450.0
combined_stress,1007,independent,335.5671232876712,27.183561643835617,308.3835616438356,0.7469795539033457,2178.0,9380.0,8608.0
combined_stress,1007,coordinated,810.6219178082192,3.893150684931507,806.7287671232876,0.3069237918215613,5966.0,24538.0,8608.0
combined_stress,1008,independent,320.25013698630136,29.422739726027395,290.827397260274,0.7200332304770947,2359.0,8846.0,8426.0
combined_stress,1008,coordinated,766.0630136986301,4.441095890410959,761.6219178082192,0.32197958699264184,5713.0,23166.0,8426.0
combined_stress,1009,independent,345.7032876712329,26.897808219178085,318.8054794520548,0.7154131847725163,2452.0,9697.0,8616.0
combined_stress,1009,coordinated,827.2246575342466,4.090410958904109,823.1342465753424,0.30687093779015784,5972.0,25037.0,8616.0
combined_stress,1010,independent,388.96767123287674,24.858082191780824,364.1095890410959,0.6720478663355159,2905.0,11075.0,8858.0
combined_stress,1010,coordinated,891.9287671232877,3.7315068493150685,888.1972602739726,0.29363287423797696,6257.0,27016.0,8858.0
combined_stress,1011,independent,311.3054794520548,25.9027397260274,285.4027397260274,0.736235595390525,2266.0,8681.0,8591.0
combined_stress,1011,coordinated,806.0958904109589,3.5095890410958903,802.586301369863,0.30578512396694213,5964.0,24412.0,8591.0
combined_stress,1012,independent,403.5931506849315,26.234246575342464,377.35890410958905,0.6721330015833522,2899.0,11478.0,8842.0
combined_stress,1012,coordinated,891.482191780822,4.1068493150684935,887.3753424657534,0.2951820855010179,6232.0,26991.0,8842.0
combined_stress,1013,independent,295.6512328767123,31.059452054794523,264.5917808219178,0.7380780346820809,2175.0,8048.0,8304.0
combined_stress,1013,coordinated,721.7068493150684,3.8767123287671232,717.8301369863013,0.32695086705202314,5589.0,21834.0,8304.0
combined_stress,1014,independent,324.5030136986301,28.349589041095893,296.15342465753423,0.7314641013608635,2289.0,9008.0,8524.0
combined_stress,1014,coordinated,781.8684931506849,3.7095890410958905,778.158904109589,0.3103003284842797,5879.0,23669.0,8524.0
combined_stress,1015,independent,325.92739726027395,27.636986301369863,298.2904109589041,0.7467600700525394,2169.0,9073.0,8565.0
combined_stress,1015,coordinated,791.6876712328767,3.7315068493150685,787.9561643835616,0.30834792761237595,5924.0,23967.0,8565.0
combined_stress,1016,independent,327.1550684931507,28.56876712328767,298.586301369863,0.7328154425612052,2270.0,9082.0,8496.0
combined_stress,1016,coordinated,785.3835616438356,4.331506849315068,781.0520547945206,0.3249764595103578,5735.0,23757.0,8496.0
combined_stress,1017,independent,358.3917808219178,25.087671232876712,333.3041095890411,0.6831050228310502,2776.0,10138.0,8760.0
combined_stress,1017,coordinated,862.827397260274,3.956164383561644,858.8712328767124,0.3013698630136986,6120.0,26124.0,8760.0
combined_stress,1018,independent,405.6567123287671,30.237534246575343,375.41917808219176,0.7171974522292993,2442.0,11419.0,8635.0
combined_stress,1018,coordinated,833.1178082191781,4.46027397260274,828.6575342465753,0.32680949623624783,5813.0,25205.0,8635.0
combined_stress,1019,independent,345.63753424657534,30.053972602739726,315.5835616438356,0.7277216082765107,2316.0,9599.0,8506.0
combined_stress,1019,coordinated,781.5068493150685,4.367123287671233,777.1397260273973,0.32494709616741124,5742.0,23638.0,8506.0
combined_stress,1020,independent,345.66328767123287,27.153698630136986,318.50958904109586,0.7322315959782735,2317.0,9688.0,8653.0
combined_stress,1020,coordinated,816.3342465753425,3.7534246575342465,812.5808219178082,0.30867907084248236,5982.0,24716.0,8653.0
